CustomerID,recency,frequency,monetary,tenure,frequency_lifetimes,recency_lifetimes,T_lifetimes,monetary_value_lifetimes,cluster,segment
10000.0,5,20,336.7704761904762,359,19.0,354.0,359.0,370.9357894736842,0,High Value Customers
10001.0,9,11,337.40090909090907,326,10.0,317.0,326.0,344.987,0,High Value Customers
10002.0,23,17,473.8876470588235,304,16.0,282.0,305.0,479.640625,0,High Value Customers
10003.0,77,8,301.21375,338,7.0,261.0,338.0,312.4871428571428,1,Low Value / Lost
10004.0,4,19,333.14894736842103,308,18.0,304.0,308.0,346.5,0,High Value Customers
10005.0,28,2,116.38,210,1.0,182.0,210.0,144.48000000000002,1,Low Value / Lost
10006.0,32,15,389.834,354,14.0,322.0,354.0,411.0700000000001,0,High Value Customers
10007.0,54,8,625.22125,342,7.0,289.0,343.0,702.7385714285714,0,High Value Customers
10008.0,30,14,548.7064285714285,351,13.0,321.0,351.0,576.4592307692308,0,High Value Customers
10009.0,2,25,355.73538461538465,365,24.0,363.0,365.0,362.8225,0,High Value Customers
10010.0,1,24,290.0175,357,23.0,356.0,357.0,284.5908695652174,0,High Value Customers
10011.0,53,5,164.046,325,4.0,272.0,325.0,198.8625,1,Low Value / Lost
10012.0,67,11,424.985,340,10.0,273.0,340.0,443.163,0,High Value Customers
10013.0,16,12,466.5108333333333,301,11.0,286.0,302.0,487.94,0,High Value Customers
10014.0,21,7,406.76714285714286,295,6.0,274.0,295.0,318.17333333333335,0,High Value Customers
10015.0,13,20,405.112380952381,356,19.0,343.0,356.0,437.5147368421053,0,High Value Customers
10016.0,11,6,333.8633333333333,210,5.0,199.0,210.0,392.276,1,Low Value / Lost
10017.0,55,18,510.2247368421053,346,17.0,291.0,346.0,519.4541176470588,0,High Value Customers
10018.0,9,5,370.004,281,4.0,272.0,281.0,457.295,1,Low Value / Lost
10019.0,38,10,469.669,341,9.0,303.0,341.0,472.6011111111111,0,High Value Customers
10020.0,1,20,518.626,342,19.0,342.0,343.0,512.358947368421,0,High Value Customers
10021.0,12,22,396.5586956521739,353,21.0,341.0,353.0,432.5085714285714,0,High Value Customers
10022.0,59,9,296.90222222222224,312,8.0,253.0,312.0,301.78375,1,Low Value / Lost
10023.0,39,11,347.5272727272728,316,10.0,277.0,316.0,370.65,0,High Value Customers
10024.0,1,8,304.475,306,7.0,306.0,307.0,249.75142857142856,0,High Value Customers
10025.0,57,12,314.8208333333333,348,11.0,291.0,348.0,309.58272727272725,0,High Value Customers
10026.0,54,10,555.5675,331,9.0,277.0,331.0,735.0655555555555,0,High Value Customers
10027.0,202,3,680.1899999999999,346,2.0,144.0,346.0,958.365,1,Low Value / Lost
10028.0,7,7,406.5914285714286,241,6.0,234.0,241.0,402.54333333333335,1,Low Value / Lost
10029.0,62,5,531.172,319,4.0,257.0,319.0,483.665,1,Low Value / Lost
10030.0,72,6,512.2066666666666,217,5.0,145.0,217.0,558.704,1,Low Value / Lost
10031.0,3,8,429.665,334,7.0,331.0,334.0,425.0971428571429,0,High Value Customers
10032.0,3,10,332.683,350,9.0,347.0,350.0,360.3533333333333,0,High Value Customers
10033.0,303,3,446.75666666666666,321,2.0,18.0,321.0,649.495,1,Low Value / Lost
10034.0,26,3,413.47333333333336,302,2.0,276.0,302.0,530.01,1,Low Value / Lost
10035.0,51,12,616.4138461538462,305,11.0,254.0,305.0,683.9227272727272,0,High Value Customers
10036.0,65,17,455.9352941176471,346,16.0,281.0,346.0,419.55,0,High Value Customers
10037.0,2,28,434.2725,364,27.0,362.0,364.0,422.8992592592593,0,High Value Customers
10038.0,136,4,316.46,271,3.0,135.0,271.0,502.7166666666667,1,Low Value / Lost
10039.0,12,4,474.6775,357,3.0,345.0,357.0,380.5566666666667,0,High Value Customers
10040.0,37,4,201.45,357,3.0,320.0,357.0,219.98,0,High Value Customers
10041.0,46,4,416.12750000000005,256,3.0,210.0,256.0,352.33,1,Low Value / Lost
10042.0,12,31,320.950625,359,30.0,347.0,359.0,327.1446666666667,0,High Value Customers
10043.0,264,3,970.7666666666664,333,2.0,69.0,333.0,1255.39,1,Low Value / Lost
10044.0,4,12,352.4316666666667,355,11.0,351.0,355.0,337.4563636363636,0,High Value Customers
10045.0,11,11,336.5081818181818,315,10.0,304.0,315.0,330.389,0,High Value Customers
10046.0,1,7,478.4257142857143,288,6.0,287.0,288.0,487.78,0,High Value Customers
10047.0,8,21,408.7081818181818,315,20.0,307.0,315.0,431.96,0,High Value Customers
10048.0,4,25,339.11,341,24.0,337.0,341.0,365.54583333333335,0,High Value Customers
10049.0,80,5,320.74,357,4.0,277.0,357.0,339.7275,1,Low Value / Lost
10050.0,12,18,384.81,255,17.0,243.0,255.0,427.75470588235294,0,High Value Customers
10051.0,39,10,470.563,322,9.0,283.0,322.0,306.33,0,High Value Customers
10052.0,8,10,347.454,323,9.0,315.0,323.0,371.8888888888889,0,High Value Customers
10053.0,54,5,296.584,346,4.0,291.0,346.0,210.71,0,High Value Customers
10054.0,6,18,465.64,350,17.0,344.0,350.0,519.7529411764706,0,High Value Customers
10055.0,161,2,201.005,274,1.0,113.0,274.0,349.11,1,Low Value / Lost
10056.0,80,10,324.21500000000003,350,9.0,271.0,351.0,342.4833333333333,0,High Value Customers
10057.0,56,21,407.2963636363637,358,20.0,301.0,358.0,405.6015,0,High Value Customers
10058.0,38,16,527.925,365,15.0,327.0,365.0,504.614,0,High Value Customers
10059.0,7,24,426.8632,364,23.0,357.0,364.0,438.54434782608695,0,High Value Customers
10060.0,11,6,344.0016666666667,361,5.0,350.0,361.0,328.946,0,High Value Customers
10061.0,55,19,438.188,356,18.0,301.0,356.0,460.4261111111112,0,High Value Customers
10062.0,10,13,503.6607142857143,332,12.0,322.0,332.0,555.7,0,High Value Customers
10063.0,28,10,481.75,299,9.0,271.0,299.0,494.3822222222223,0,High Value Customers
10064.0,34,5,262.768,332,4.0,298.0,332.0,311.315,0,High Value Customers
10065.0,15,17,508.2594117647059,363,16.0,348.0,363.0,450.941875,0,High Value Customers
10066.0,12,8,608.7637500000001,311,7.0,299.0,311.0,631.0071428571429,0,High Value Customers
10067.0,10,40,376.783488372093,357,39.0,347.0,357.0,391.70230769230767,0,High Value Customers
10068.0,17,7,422.8414285714285,333,6.0,316.0,333.0,377.095,0,High Value Customers
10069.0,43,6,304.8,347,5.0,304.0,347.0,314.744,0,High Value Customers
10070.0,25,14,310.65000000000003,347,13.0,322.0,347.0,329.7830769230769,0,High Value Customers
10071.0,100,3,406.9333333333334,267,2.0,167.0,267.0,581.825,1,Low Value / Lost
10072.0,15,10,285.331,293,9.0,278.0,293.0,265.2344444444445,0,High Value Customers
10073.0,115,9,465.7266666666667,364,8.0,249.0,364.0,518.6637499999999,0,High Value Customers
10074.0,4,12,381.025,359,11.0,355.0,359.0,366.0345454545455,0,High Value Customers
10075.0,57,2,455.1,362,1.0,305.0,362.0,46.52,0,High Value Customers
10076.0,6,16,403.946875,363,15.0,357.0,363.0,429.1693333333333,0,High Value Customers
10077.0,17,34,372.96294117647057,350,33.0,333.0,350.0,383.1081818181818,0,High Value Customers
10078.0,11,12,461.00928571428574,364,11.0,353.0,364.0,480.93000000000006,0,High Value Customers
10079.0,7,2,330.525,23,1.0,16.0,23.0,538.61,1,Low Value / Lost
10080.0,15,3,307.1466666666667,235,2.0,220.0,235.0,365.295,1,Low Value / Lost
10081.0,195,4,326.1025,254,3.0,59.0,254.0,245.4533333333333,1,Low Value / Lost
10082.0,27,14,292.5942857142857,357,13.0,330.0,357.0,257.12461538461537,0,High Value Customers
10083.0,45,3,154.81666666666666,275,2.0,230.0,275.0,191.985,1,Low Value / Lost
10084.0,34,8,265.565,282,7.0,248.0,282.0,263.84714285714284,1,Low Value / Lost
10085.0,10,15,175.27,338,14.0,328.0,338.0,157.93785714285715,0,High Value Customers
10086.0,21,14,347.2135714285714,279,13.0,258.0,279.0,363.9707692307693,0,High Value Customers
10087.0,10,13,559.8453846153847,341,12.0,331.0,341.0,497.2408333333333,0,High Value Customers
10088.0,14,13,365.57214285714286,361,12.0,347.0,361.0,386.9525,0,High Value Customers
10089.0,8,9,469.55777777777774,239,8.0,231.0,239.0,391.6475,1,Low Value / Lost
10090.0,2,8,306.4825,338,7.0,336.0,338.0,272.0557142857143,0,High Value Customers
10091.0,45,6,504.8683333333333,352,5.0,307.0,352.0,517.3120000000001,0,High Value Customers
10092.0,28,14,423.8728571428572,334,13.0,306.0,334.0,438.58615384615393,0,High Value Customers
10093.0,74,13,373.10615384615386,341,12.0,267.0,341.0,330.45666666666665,0,High Value Customers
10094.0,16,14,459.04071428571433,330,13.0,314.0,330.0,459.4723076923077,0,High Value Customers
10095.0,8,17,384.3911764705882,355,16.0,347.0,355.0,388.653125,0,High Value Customers
10096.0,10,20,308.0738095238096,359,19.0,349.0,359.0,312.61052631578946,0,High Value Customers
10097.0,180,6,662.1783333333334,328,5.0,148.0,328.0,737.0440000000001,1,Low Value / Lost
10098.0,27,9,596.4445454545455,361,8.0,334.0,361.0,586.16875,0,High Value Customers
10099.0,104,8,455.8875,296,7.0,192.0,296.0,418.7485714285714,1,Low Value / Lost
10100.0,13,10,565.746,339,9.0,326.0,339.0,610.4911111111111,0,High Value Customers
10101.0,5,16,510.596875,352,15.0,347.0,352.0,525.8793333333333,0,High Value Customers
10102.0,72,8,485.71375,207,7.0,135.0,207.0,507.3014285714286,1,Low Value / Lost
10103.0,31,7,445.0014285714286,309,6.0,278.0,309.0,495.5683333333333,0,High Value Customers
10104.0,5,9,230.8044444444444,316,8.0,311.0,316.0,253.5775,0,High Value Customers
10105.0,33,7,434.13714285714286,336,6.0,303.0,336.0,380.4866666666667,0,High Value Customers
10106.0,17,7,734.9285714285714,293,6.0,276.0,293.0,646.9483333333334,0,High Value Customers
10107.0,3,12,383.405,353,11.0,350.0,353.0,353.61454545454546,0,High Value Customers
10108.0,24,11,426.2,363,10.0,339.0,363.0,432.077,0,High Value Customers
10109.0,1,8,385.62375,325,7.0,324.0,325.0,380.4,0,High Value Customers
10110.0,326,1,328.86,326,0.0,0.0,326.0,0.0,1,Low Value / Lost
10111.0,12,23,408.61260869565217,357,22.0,345.0,357.0,416.90863636363633,0,High Value Customers
10112.0,3,13,315.2023076923077,344,12.0,341.0,344.0,333.0625,0,High Value Customers
10113.0,49,22,332.8922727272727,338,21.0,289.0,338.0,341.3242857142857,0,High Value Customers
10114.0,4,22,405.7795454545454,345,21.0,341.0,345.0,399.03238095238095,0,High Value Customers
10115.0,54,23,435.7382608695652,365,22.0,311.0,365.0,416.3781818181818,0,High Value Customers
10116.0,8,19,478.2438095238096,363,18.0,355.0,363.0,540.5955555555555,0,High Value Customers
10117.0,20,19,405.6430434782608,344,18.0,324.0,344.0,513.735,0,High Value Customers
10118.0,28,21,403.0309090909091,364,20.0,336.0,364.0,440.5395,0,High Value Customers
10119.0,23,9,267.3355555555556,231,8.0,208.0,231.0,271.3775,1,Low Value / Lost
10120.0,50,19,401.1955,348,18.0,298.0,348.0,438.2394444444444,0,High Value Customers
10121.0,30,27,513.5117857142857,349,26.0,319.0,349.0,540.25,0,High Value Customers
10122.0,41,12,395.6041666666667,295,11.0,254.0,295.0,414.0772727272728,0,High Value Customers
10123.0,34,5,520.85,337,4.0,303.0,337.0,493.7175,0,High Value Customers
10124.0,101,14,464.4078571428572,357,13.0,256.0,357.0,496.71153846153845,0,High Value Customers
10125.0,12,19,314.5673684210526,364,18.0,352.0,364.0,315.2916666666667,0,High Value Customers
10126.0,192,1,447.12,192,0.0,0.0,193.0,0.0,1,Low Value / Lost
10127.0,60,9,419.9311111111112,365,8.0,306.0,366.0,426.415,0,High Value Customers
10128.0,21,8,394.13625,343,7.0,322.0,343.0,376.1014285714286,0,High Value Customers
10129.0,26,29,300.08967741935487,363,28.0,337.0,363.0,324.44214285714287,0,High Value Customers
10130.0,55,9,367.3122222222223,361,8.0,306.0,361.0,403.3225000000001,0,High Value Customers
10131.0,62,6,408.1966666666667,363,5.0,301.0,363.0,426.234,0,High Value Customers
10132.0,2,22,333.2704545454546,350,21.0,348.0,350.0,332.4433333333333,0,High Value Customers
10133.0,42,5,271.406,356,4.0,314.0,356.0,278.06,0,High Value Customers
10134.0,289,3,487.56,322,2.0,33.0,322.0,444.375,1,Low Value / Lost
10135.0,28,21,221.72,339,20.0,311.0,339.0,247.3735,0,High Value Customers
10136.0,111,11,411.11727272727273,347,10.0,236.0,347.0,424.653,0,High Value Customers
10137.0,8,15,611.85,353,14.0,345.0,353.0,570.0649999999999,0,High Value Customers
10138.0,56,14,355.328125,355,13.0,299.0,355.0,435.7592307692308,0,High Value Customers
10139.0,10,21,456.2738095238095,365,20.0,355.0,365.0,456.7465,0,High Value Customers
10140.0,20,12,335.02666666666664,349,11.0,329.0,349.0,361.3272727272727,0,High Value Customers
10141.0,57,6,303.43833333333333,296,5.0,239.0,296.0,259.152,1,Low Value / Lost
10142.0,26,7,471.63999999999993,353,6.0,327.0,353.0,448.2233333333333,0,High Value Customers
10143.0,254,1,52.58,254,0.0,0.0,254.0,0.0,1,Low Value / Lost
10144.0,13,16,403.125625,348,15.0,335.0,348.0,384.4406666666666,0,High Value Customers
10145.0,10,11,371.19545454545454,337,10.0,327.0,337.0,367.311,0,High Value Customers
10146.0,101,10,342.65500000000003,365,9.0,264.0,365.0,344.9588888888889,0,High Value Customers
10147.0,4,2,319.795,174,1.0,170.0,174.0,368.06,1,Low Value / Lost
10148.0,42,7,251.2957142857143,312,6.0,270.0,312.0,289.3916666666667,1,Low Value / Lost
10149.0,13,19,578.3442105263158,365,18.0,352.0,365.0,590.9944444444444,0,High Value Customers
10150.0,27,16,302.0229411764706,316,15.0,289.0,316.0,337.88733333333334,0,High Value Customers
10151.0,66,11,445.8681818181818,362,10.0,296.0,362.0,407.178,0,High Value Customers
10152.0,15,5,761.154,301,4.0,286.0,301.0,725.9975000000001,0,High Value Customers
10153.0,27,4,530.3375,260,3.0,233.0,260.0,641.8233333333334,1,Low Value / Lost
10155.0,31,19,316.57363636363635,345,18.0,314.0,345.0,366.4155555555556,0,High Value Customers
10156.0,17,4,454.23500000000007,283,3.0,266.0,283.0,462.3966666666668,1,Low Value / Lost
10157.0,4,25,338.12925925925924,362,24.0,358.0,362.0,345.895,0,High Value Customers
10158.0,2,9,263.4377777777778,317,8.0,315.0,317.0,274.16875,0,High Value Customers
10159.0,6,16,316.72125,361,15.0,356.0,362.0,333.17333333333335,0,High Value Customers
10160.0,7,16,391.125,340,15.0,333.0,340.0,406.70200000000006,0,High Value Customers
10161.0,63,12,480.58083333333326,320,11.0,257.0,320.0,489.4863636363636,0,High Value Customers
10162.0,5,12,288.4225,354,11.0,349.0,354.0,292.5427272727273,0,High Value Customers
10163.0,10,18,352.19894736842105,303,17.0,293.0,303.0,338.78705882352943,0,High Value Customers
10164.0,21,14,340.22285714285715,352,13.0,331.0,352.0,351.9323076923077,0,High Value Customers
10165.0,330,1,454.3,330,0.0,0.0,330.0,0.0,1,Low Value / Lost
10166.0,113,5,225.344,362,4.0,249.0,362.0,243.44,1,Low Value / Lost
10167.0,3,36,340.78459459459464,340,35.0,337.0,340.0,351.706,0,High Value Customers
10168.0,98,2,269.70000000000005,127,1.0,29.0,127.0,452.22,1,Low Value / Lost
10169.0,9,8,285.48375,258,7.0,249.0,258.0,322.47857142857146,1,Low Value / Lost
10170.0,3,18,423.53833333333336,362,17.0,359.0,362.0,410.4658823529412,0,High Value Customers
10171.0,6,18,435.4188888888889,352,17.0,346.0,352.0,417.3835294117648,0,High Value Customers
10172.0,6,21,459.36727272727273,361,20.0,355.0,361.0,482.439,0,High Value Customers
10173.0,6,13,370.38384615384615,348,12.0,342.0,348.0,350.98583333333335,0,High Value Customers
10174.0,14,18,399.8022222222222,358,17.0,344.0,358.0,358.2970588235294,0,High Value Customers
10175.0,8,8,525.62,360,7.0,353.0,361.0,500.4557142857143,0,High Value Customers
10176.0,140,4,608.3149999999999,335,3.0,195.0,335.0,526.5433333333333,1,Low Value / Lost
10177.0,7,13,432.5815384615384,345,12.0,338.0,345.0,351.90000000000003,0,High Value Customers
10178.0,30,12,330.97583333333336,365,11.0,335.0,365.0,357.3972727272727,0,High Value Customers
10179.0,29,4,156.185,189,3.0,160.0,189.0,176.16666666666666,1,Low Value / Lost
10180.0,43,30,395.0071875,351,29.0,308.0,351.0,435.1403448275862,0,High Value Customers
10181.0,114,5,343.208,328,4.0,214.0,328.0,247.86500000000004,1,Low Value / Lost
10182.0,62,9,334.4166666666667,272,8.0,210.0,272.0,348.825,1,Low Value / Lost
10183.0,5,11,435.9709090909091,323,10.0,318.0,323.0,463.888,0,High Value Customers
10184.0,55,9,458.94444444444446,336,8.0,281.0,336.0,457.26125,0,High Value Customers
10185.0,39,6,233.2,269,5.0,230.0,269.0,265.254,1,Low Value / Lost
10186.0,10,16,439.865,345,15.0,336.0,346.0,459.7960000000001,0,High Value Customers
10187.0,151,4,646.8924999999999,310,3.0,159.0,310.0,681.7366666666666,1,Low Value / Lost
10188.0,10,20,398.3757142857143,328,19.0,318.0,328.0,438.1163157894737,0,High Value Customers
10189.0,15,25,558.3844,354,24.0,339.0,354.0,557.9929166666667,0,High Value Customers
10190.0,117,9,401.5622222222222,349,8.0,232.0,349.0,415.21,1,Low Value / Lost
10191.0,3,12,394.9641666666667,320,11.0,317.0,320.0,413.4881818181818,0,High Value Customers
10192.0,21,3,417.35,165,2.0,144.0,165.0,206.665,1,Low Value / Lost
10193.0,15,26,402.75,358,25.0,343.0,358.0,491.978,0,High Value Customers
10194.0,11,8,198.7325,276,7.0,265.0,276.0,189.76,1,Low Value / Lost
10195.0,4,24,347.1696,363,23.0,359.0,363.0,374.7782608695652,0,High Value Customers
10196.0,2,17,418.85526315789474,365,16.0,363.0,365.0,452.925,0,High Value Customers
10197.0,60,6,316.07,227,5.0,167.0,227.0,259.776,1,Low Value / Lost
10198.0,6,7,288.62,363,6.0,357.0,363.0,240.7733333333333,0,High Value Customers
10199.0,22,10,311.668,329,9.0,307.0,329.0,264.0488888888889,0,High Value Customers
10200.0,1,24,384.3858333333333,358,23.0,357.0,358.0,393.05217391304353,0,High Value Customers
10201.0,7,29,380.4717241379311,324,28.0,317.0,324.0,387.9517857142857,0,High Value Customers
10202.0,11,4,501.4075,259,3.0,248.0,259.0,487.75666666666666,1,Low Value / Lost
10203.0,223,1,316.92,223,0.0,0.0,223.0,0.0,1,Low Value / Lost
10204.0,31,2,339.225,300,1.0,269.0,300.0,466.2,1,Low Value / Lost
10205.0,10,8,485.2325,335,7.0,325.0,335.0,506.12,0,High Value Customers
10206.0,11,15,578.836,364,14.0,353.0,364.0,576.2485714285715,0,High Value Customers
10207.0,15,17,433.81055555555554,361,16.0,346.0,361.0,434.318125,0,High Value Customers
10208.0,149,10,325.345,350,9.0,201.0,350.0,356.47,1,Low Value / Lost
10209.0,9,10,250.36600000000004,328,9.0,319.0,328.0,207.32888888888888,0,High Value Customers
10210.0,19,18,389.3538888888889,340,17.0,321.0,340.0,410.9123529411765,0,High Value Customers
10211.0,1,14,349.58,356,13.0,355.0,356.0,357.5330769230769,0,High Value Customers
10212.0,87,6,430.245,355,5.0,268.0,355.0,492.47,0,High Value Customers
10213.0,41,4,294.48,131,3.0,90.0,131.0,136.17333333333332,1,Low Value / Lost
10214.0,16,23,347.07958333333335,364,22.0,348.0,364.0,371.50772727272727,0,High Value Customers
10215.0,73,11,497.31,361,10.0,288.0,361.0,441.59,0,High Value Customers
10216.0,52,2,525.155,243,1.0,191.0,243.0,662.41,1,Low Value / Lost
10217.0,11,11,419.8790909090909,323,10.0,312.0,323.0,417.863,0,High Value Customers
10218.0,60,9,191.0288888888889,321,8.0,261.0,321.0,191.4075,1,Low Value / Lost
10219.0,13,28,304.6806896551724,355,27.0,342.0,355.0,302.3062962962963,0,High Value Customers
10220.0,9,6,255.71833333333333,342,5.0,333.0,342.0,238.102,0,High Value Customers
10221.0,4,23,463.4265217391304,358,22.0,354.0,358.0,463.1640909090909,0,High Value Customers
10222.0,3,24,446.34,350,23.0,347.0,350.0,462.4747826086957,0,High Value Customers
10223.0,29,10,376.823,315,9.0,286.0,315.0,409.72777777777776,0,High Value Customers
10224.0,19,18,364.64222222222224,335,17.0,316.0,335.0,376.9647058823529,0,High Value Customers
10225.0,26,12,306.84083333333336,298,11.0,272.0,298.0,291.31454545454545,0,High Value Customers
10226.0,2,11,362.33454545454543,235,10.0,233.0,235.0,354.683,1,Low Value / Lost
10227.0,168,1,217.88,168,0.0,0.0,168.0,0.0,1,Low Value / Lost
10228.0,16,13,360.4223076923077,354,12.0,338.0,354.0,324.02416666666664,0,High Value Customers
10229.0,2,20,430.766,364,19.0,362.0,364.0,428.2736842105263,0,High Value Customers
10230.0,133,10,374.73,305,9.0,172.0,305.0,411.1222222222223,1,Low Value / Lost
10231.0,1,22,327.6634782608696,326,21.0,325.0,326.0,353.44,0,High Value Customers
10232.0,15,23,382.1630434782609,351,22.0,336.0,351.0,384.865,0,High Value Customers
10233.0,91,8,517.1133333333332,355,7.0,264.0,355.0,551.0357142857143,0,High Value Customers
10234.0,21,5,278.3066666666667,220,4.0,199.0,220.0,322.43,1,Low Value / Lost
10235.0,78,8,314.525,360,7.0,282.0,360.0,325.88571428571424,0,High Value Customers
10236.0,12,8,390.95125,313,7.0,301.0,313.0,442.6442857142857,0,High Value Customers
10237.0,79,9,491.0877777777778,354,8.0,275.0,354.0,477.64375,0,High Value Customers
10238.0,38,6,411.4383333333333,303,5.0,265.0,303.0,479.566,1,Low Value / Lost
10239.0,82,6,231.47833333333327,323,5.0,241.0,323.0,231.886,1,Low Value / Lost
10240.0,4,27,352.9971428571429,326,26.0,322.0,326.0,370.8415384615385,0,High Value Customers
10241.0,16,13,405.7138461538461,326,12.0,310.0,326.0,434.9841666666666,0,High Value Customers
10242.0,44,19,318.281052631579,364,18.0,320.0,364.0,328.20500000000004,0,High Value Customers
10243.0,15,14,347.27500000000003,341,13.0,326.0,341.0,351.84615384615387,0,High Value Customers
10244.0,15,14,369.4535714285715,363,13.0,348.0,363.0,380.5592307692308,0,High Value Customers
10245.0,15,5,405.428,299,4.0,284.0,299.0,441.1725,0,High Value Customers
10246.0,15,17,375.5064705882353,357,16.0,342.0,357.0,392.17125,0,High Value Customers
10247.0,2,25,307.5272,361,24.0,359.0,361.0,288.0375,0,High Value Customers
10248.0,19,8,259.68375000000003,357,7.0,338.0,357.0,262.67,0,High Value Customers
10249.0,5,16,413.299375,361,15.0,356.0,361.0,409.8193333333333,0,High Value Customers
10250.0,65,5,283.478,321,4.0,256.0,321.0,210.65,1,Low Value / Lost
10251.0,12,33,405.4,359,32.0,347.0,359.0,410.8325,0,High Value Customers
10252.0,3,9,343.2911111111111,351,8.0,348.0,351.0,336.9525,0,High Value Customers
10253.0,220,7,281.8228571428571,346,6.0,127.0,347.0,319.72666666666663,1,Low Value / Lost
10254.0,20,21,387.2427272727273,342,20.0,322.0,342.0,407.622,0,High Value Customers
10255.0,31,14,412.54285714285714,351,13.0,320.0,351.0,439.2876923076923,0,High Value Customers
10256.0,117,4,162.26,341,3.0,224.0,341.0,123.34666666666668,1,Low Value / Lost
10257.0,7,22,528.2331818181818,365,21.0,358.0,365.0,531.0728571428572,0,High Value Customers
10258.0,3,11,273.79,330,10.0,327.0,330.0,293.264,0,High Value Customers
10259.0,74,6,393.57666666666665,327,5.0,253.0,327.0,384.632,1,Low Value / Lost
10260.0,6,15,444.18125,329,14.0,323.0,329.0,484.8071428571429,0,High Value Customers
10261.0,12,28,378.3106896551725,359,27.0,347.0,359.0,391.5918518518519,0,High Value Customers
10262.0,11,15,350.36733333333336,337,14.0,326.0,337.0,362.74642857142857,0,High Value Customers
10263.0,12,9,518.2566666666667,364,8.0,352.0,364.0,556.01875,0,High Value Customers
10264.0,2,12,261.83916666666664,360,11.0,358.0,360.0,282.46181818181816,0,High Value Customers
10265.0,2,11,542.5154545454545,342,10.0,340.0,342.0,567.82,0,High Value Customers
10266.0,10,9,573.953,358,8.0,348.0,358.0,682.4762499999999,0,High Value Customers
10267.0,31,13,414.0276923076924,312,12.0,281.0,312.0,445.52333333333337,0,High Value Customers
10268.0,26,6,642.7933333333334,304,5.0,278.0,304.0,636.28,0,High Value Customers
10269.0,234,1,163.36,234,0.0,0.0,234.0,0.0,1,Low Value / Lost
10270.0,32,16,424.110625,357,15.0,325.0,357.0,406.7793333333333,0,High Value Customers
10271.0,158,8,327.24375000000003,339,7.0,181.0,339.0,333.6528571428572,1,Low Value / Lost
10272.0,9,15,319.10400000000004,348,14.0,339.0,348.0,303.4271428571429,0,High Value Customers
10273.0,9,26,331.43296296296296,345,25.0,336.0,345.0,333.7296,0,High Value Customers
10274.0,3,9,287.77666666666664,350,8.0,347.0,350.0,262.86,0,High Value Customers
10275.0,65,12,452.2584615384616,332,11.0,267.0,332.0,495.0645454545455,0,High Value Customers
10276.0,45,20,363.4931818181818,344,19.0,299.0,344.0,413.6931578947368,0,High Value Customers
10277.0,4,24,445.316,365,23.0,361.0,365.0,473.51565217391305,0,High Value Customers
10278.0,71,7,436.1114285714286,287,6.0,217.0,288.0,415.345,1,Low Value / Lost
10279.0,57,2,416.55,209,1.0,152.0,209.0,265.04999999999995,1,Low Value / Lost
10280.0,242,1,399.72,242,0.0,0.0,242.0,0.0,1,Low Value / Lost
10281.0,21,22,350.14208333333335,350,21.0,330.0,351.0,393.9852380952381,0,High Value Customers
10282.0,11,11,423.2572727272727,348,10.0,337.0,348.0,421.1230000000001,0,High Value Customers
10283.0,3,6,645.2033333333333,229,5.0,226.0,229.0,687.0640000000001,1,Low Value / Lost
10284.0,16,7,285.3757142857143,237,6.0,221.0,237.0,306.86833333333334,1,Low Value / Lost
10285.0,107,4,367.99250000000006,309,3.0,202.0,309.0,433.2066666666668,1,Low Value / Lost
10286.0,35,13,321.9976923076923,333,12.0,297.0,333.0,339.2416666666667,0,High Value Customers
10287.0,19,13,669.1515384615384,352,12.0,333.0,352.0,665.7091666666666,0,High Value Customers
10288.0,23,16,340.57176470588234,333,15.0,310.0,333.0,339.42,0,High Value Customers
10289.0,16,6,333.03,341,5.0,325.0,341.0,263.216,0,High Value Customers
10290.0,40,16,389.755,356,15.0,316.0,356.0,388.8906666666666,0,High Value Customers
10291.0,38,8,358.33625,355,7.0,317.0,355.0,312.8742857142857,0,High Value Customers
10292.0,45,5,424.568,243,4.0,198.0,243.0,516.76,1,Low Value / Lost
10293.0,29,11,448.5863636363636,317,10.0,288.0,317.0,461.629,0,High Value Customers
10294.0,32,3,292.97,148,2.0,116.0,148.0,286.295,1,Low Value / Lost
10295.0,52,21,277.59000000000003,356,20.0,304.0,356.0,262.3705,0,High Value Customers
10296.0,7,12,366.6878571428571,334,11.0,327.0,334.0,410.38818181818175,0,High Value Customers
10297.0,114,4,499.81,326,3.0,212.0,326.0,499.1133333333334,1,Low Value / Lost
10298.0,28,16,469.25470588235294,362,15.0,334.0,362.0,530.3286666666667,0,High Value Customers
10299.0,5,15,486.7875,350,14.0,345.0,350.0,510.26142857142855,0,High Value Customers
10300.0,30,10,350.123,254,9.0,223.0,254.0,321.9711111111112,1,Low Value / Lost
10302.0,12,28,335.67068965517245,360,27.0,348.0,360.0,343.1277777777778,0,High Value Customers
10303.0,1,11,428.7716666666667,348,10.0,347.0,348.0,479.8,0,High Value Customers
10304.0,14,18,328.24611111111113,349,17.0,335.0,349.0,319.9247058823529,0,High Value Customers
10305.0,18,13,443.3378571428572,299,12.0,281.0,299.0,442.765,0,High Value Customers
10306.0,46,4,245.95,327,3.0,281.0,327.0,250.9933333333333,1,Low Value / Lost
10307.0,28,11,292.2008333333333,280,10.0,252.0,280.0,320.974,1,Low Value / Lost
10308.0,3,27,383.5748148148148,365,26.0,362.0,365.0,380.9223076923077,0,High Value Customers
10309.0,13,4,335.46500000000003,297,3.0,284.0,297.0,320.00666666666666,1,Low Value / Lost
10310.0,3,4,587.23,214,3.0,211.0,214.0,519.84,1,Low Value / Lost
10311.0,115,3,583.4599999999999,248,2.0,133.0,248.0,350.775,1,Low Value / Lost
10312.0,14,18,370.2344444444445,356,17.0,342.0,356.0,384.9394117647059,0,High Value Customers
10313.0,18,9,292.611,329,8.0,311.0,329.0,362.71375,0,High Value Customers
10314.0,15,15,393.011875,352,14.0,337.0,352.0,406.93928571428575,0,High Value Customers
10315.0,25,15,420.02,353,14.0,328.0,353.0,435.23285714285714,0,High Value Customers
10316.0,2,26,385.8988461538461,339,25.0,337.0,339.0,383.0076,0,High Value Customers
10317.0,1,26,308.3646153846154,363,25.0,362.0,363.0,302.7916,0,High Value Customers
10318.0,11,4,288.6325,228,3.0,217.0,228.0,354.5233333333333,1,Low Value / Lost
10319.0,14,20,381.0052380952381,362,19.0,348.0,362.0,400.55947368421056,0,High Value Customers
10320.0,9,22,349.8890909090909,365,21.0,356.0,365.0,351.1876190476191,0,High Value Customers
10321.0,45,11,479.0736363636364,362,10.0,317.0,362.0,515.243,0,High Value Customers
10322.0,5,30,325.66366666666664,357,29.0,352.0,357.0,333.8831034482759,0,High Value Customers
10323.0,66,12,404.5292307692308,352,11.0,286.0,352.0,446.2036363636364,0,High Value Customers
10324.0,44,17,414.4888235294118,356,16.0,312.0,356.0,439.485,0,High Value Customers
10325.0,7,29,329.38866666666667,337,28.0,330.0,337.0,351.66035714285715,0,High Value Customers
10326.0,162,6,224.51166666666668,350,5.0,188.0,350.0,249.496,1,Low Value / Lost
10327.0,23,10,533.548,323,9.0,300.0,323.0,537.9555555555555,0,High Value Customers
10328.0,29,28,352.4375,358,27.0,329.0,358.0,355.2774074074074,0,High Value Customers
10329.0,32,17,335.47764705882355,319,16.0,287.0,319.0,331.295,0,High Value Customers
10330.0,20,20,385.8452380952381,355,19.0,335.0,355.0,415.8447368421053,0,High Value Customers
10331.0,15,24,310.76708333333335,360,23.0,345.0,360.0,322.2086956521739,0,High Value Customers
10332.0,91,7,400.51142857142855,242,6.0,151.0,242.0,371.115,1,Low Value / Lost
10333.0,15,22,370.5040909090909,365,21.0,350.0,365.0,385.6661904761905,0,High Value Customers
10334.0,6,12,380.3333333333333,267,11.0,261.0,267.0,347.7454545454545,0,High Value Customers
10335.0,16,7,501.3342857142857,262,6.0,246.0,262.0,553.8100000000001,1,Low Value / Lost
10336.0,8,12,274.035,327,11.0,319.0,327.0,269.8927272727273,0,High Value Customers
10337.0,6,27,402.4406896551724,358,26.0,352.0,358.0,440.0111538461539,0,High Value Customers
10338.0,70,5,242.554,281,4.0,211.0,281.0,299.285,1,Low Value / Lost
10339.0,36,18,367.4105555555556,357,17.0,321.0,357.0,373.4217647058824,0,High Value Customers
10340.0,8,18,577.3072222222222,363,17.0,355.0,363.0,604.0664705882353,0,High Value Customers
10341.0,12,23,408.4617391304348,341,22.0,329.0,341.0,344.585,0,High Value Customers
10342.0,10,18,417.67105263157896,359,17.0,349.0,359.0,447.4558823529412,0,High Value Customers
10343.0,24,11,365.5381818181818,359,10.0,335.0,359.0,386.792,0,High Value Customers
10344.0,2,13,324.9814285714286,360,12.0,358.0,360.0,354.07916666666665,0,High Value Customers
10345.0,14,19,256.12,356,18.0,342.0,356.0,260.17555555555555,0,High Value Customers
10346.0,79,26,477.35777777777776,364,25.0,285.0,364.0,507.1056,0,High Value Customers
10347.0,41,17,323.1276470588235,358,16.0,317.0,358.0,324.34875,0,High Value Customers
10348.0,8,18,359.66526315789474,351,17.0,343.0,351.0,311.4788235294118,0,High Value Customers
10349.0,145,4,556.44,251,3.0,106.0,251.0,582.48,1,Low Value / Lost
10350.0,5,23,470.4616,364,22.0,359.0,364.0,531.1763636363637,0,High Value Customers
10351.0,28,22,362.8759090909091,360,21.0,332.0,360.0,362.6290476190477,0,High Value Customers
10352.0,25,10,308.68,346,9.0,321.0,346.0,266.32222222222225,0,High Value Customers
10353.0,177,2,480.865,270,1.0,93.0,270.0,343.28,1,Low Value / Lost
10354.0,30,8,446.52,350,7.0,320.0,350.0,500.8685714285714,0,High Value Customers
10355.0,100,6,596.5366666666667,345,5.0,245.0,345.0,604.922,1,Low Value / Lost
10356.0,1,20,352.7861904761904,354,19.0,353.0,354.0,376.1531578947368,0,High Value Customers
10357.0,11,13,333.5076923076923,361,12.0,351.0,362.0,354.70666666666665,0,High Value Customers
10358.0,10,6,96.87333333333332,319,5.0,310.0,320.0,93.892,0,High Value Customers
10359.0,7,22,346.85869565217394,365,21.0,358.0,365.0,345.43857142857144,0,High Value Customers
10360.0,26,10,446.3363636363636,304,9.0,278.0,304.0,527.5933333333334,0,High Value Customers
10361.0,53,12,371.7483333333333,350,11.0,297.0,350.0,388.59090909090907,0,High Value Customers
10362.0,37,8,381.00875,261,7.0,224.0,261.0,420.6657142857143,1,Low Value / Lost
10363.0,58,18,397.9777777777778,361,17.0,303.0,361.0,409.9482352941176,0,High Value Customers
10364.0,53,14,343.4642857142857,365,13.0,312.0,365.0,367.8723076923077,0,High Value Customers
10365.0,1,15,390.9793333333333,316,14.0,315.0,316.0,377.11642857142857,0,High Value Customers
10366.0,2,27,449.5685714285714,335,26.0,333.0,335.0,456.44076923076926,0,High Value Customers
10367.0,71,12,328.13916666666665,350,11.0,279.0,350.0,348.58818181818185,0,High Value Customers
10368.0,6,11,195.87,354,10.0,348.0,354.0,206.806,0,High Value Customers
10369.0,19,10,316.09272727272725,365,9.0,346.0,365.0,381.1155555555556,0,High Value Customers
10370.0,125,4,278.01000000000005,279,3.0,154.0,279.0,296.28000000000003,1,Low Value / Lost
10371.0,2,15,385.948,351,14.0,349.0,351.0,411.5207142857143,0,High Value Customers
10372.0,121,5,259.752,249,4.0,128.0,249.0,228.945,1,Low Value / Lost
10373.0,16,12,305.68333333333334,360,11.0,344.0,360.0,317.07272727272726,0,High Value Customers
10374.0,18,14,514.7707142857142,300,13.0,282.0,300.0,523.3069230769231,0,High Value Customers
10375.0,111,3,400.55,300,2.0,189.0,300.0,455.665,1,Low Value / Lost
10376.0,9,16,541.8276470588235,344,15.0,335.0,344.0,597.8646666666666,0,High Value Customers
10377.0,13,13,316.38307692307694,342,12.0,329.0,342.0,339.26500000000004,0,High Value Customers
10378.0,40,10,270.688,363,9.0,323.0,363.0,264.99555555555554,0,High Value Customers
10379.0,8,14,625.3953333333334,362,13.0,354.0,362.0,691.5715384615385,0,High Value Customers
10380.0,4,24,360.6766666666667,343,23.0,340.0,344.0,373.0130434782608,0,High Value Customers
10381.0,89,3,266.64000000000004,118,2.0,29.0,118.0,382.465,1,Low Value / Lost
10382.0,41,12,386.6675,306,11.0,265.0,306.0,371.20272727272726,0,High Value Customers
10383.0,47,13,365.3023076923077,361,12.0,314.0,361.0,382.5875,0,High Value Customers
10384.0,31,9,451.50888888888886,331,8.0,300.0,331.0,361.785,0,High Value Customers
10385.0,38,10,388.297,351,9.0,313.0,351.0,340.0011111111112,0,High Value Customers
10386.0,10,16,381.03058823529415,353,15.0,343.0,353.0,389.8466666666666,0,High Value Customers
10387.0,2,16,274.2025,361,15.0,359.0,361.0,289.73066666666665,0,High Value Customers
10388.0,107,7,326.07125,293,6.0,186.0,293.0,427.45666666666665,1,Low Value / Lost
10389.0,13,6,234.72833333333327,296,5.0,283.0,296.0,205.552,1,Low Value / Lost
10390.0,33,17,288.9076470588236,334,16.0,301.0,334.0,296.406875,0,High Value Customers
10391.0,7,24,433.8445833333333,350,23.0,343.0,350.0,431.17956521739137,0,High Value Customers
10392.0,11,17,364.7264705882353,365,16.0,354.0,365.0,377.663125,0,High Value Customers
10393.0,38,20,387.3675,362,19.0,324.0,362.0,398.89473684210526,0,High Value Customers
10394.0,3,13,409.9284615384616,360,12.0,357.0,360.0,314.0516666666667,0,High Value Customers
10395.0,12,9,563.9255555555555,297,8.0,285.0,297.0,535.74125,0,High Value Customers
10396.0,196,2,523.235,227,1.0,31.0,227.0,320.17,1,Low Value / Lost
10397.0,22,12,436.4958333333333,312,11.0,290.0,312.0,356.25454545454545,0,High Value Customers
10398.0,1,28,315.7257142857143,325,27.0,324.0,325.0,316.2596296296296,0,High Value Customers
10399.0,8,8,582.37375,354,7.0,346.0,354.0,400.9857142857143,0,High Value Customers
10400.0,27,16,412.845625,340,15.0,313.0,340.0,425.05466666666666,0,High Value Customers
10401.0,3,14,351.9757142857143,360,13.0,357.0,360.0,339.22923076923075,0,High Value Customers
10402.0,18,17,431.5633333333333,363,16.0,345.0,363.0,478.7,0,High Value Customers
10403.0,3,12,238.4183333333333,290,11.0,287.0,290.0,239.1581818181818,0,High Value Customers
10404.0,205,2,216.75,314,1.0,109.0,314.0,292.56,1,Low Value / Lost
10405.0,29,12,483.03583333333336,352,11.0,323.0,352.0,473.05727272727273,0,High Value Customers
10406.0,68,6,526.3866666666667,351,5.0,283.0,351.0,615.032,0,High Value Customers
10407.0,10,14,339.86499999999995,343,13.0,332.0,343.0,314.1869230769231,0,High Value Customers
10408.0,29,18,493.7505263157895,365,17.0,336.0,365.0,528.3917647058823,0,High Value Customers
10409.0,15,5,460.588,246,4.0,231.0,246.0,502.2025,1,Low Value / Lost
10410.0,41,7,485.0,334,6.0,293.0,334.0,507.71333333333337,0,High Value Customers
10411.0,11,22,348.1840909090909,349,21.0,338.0,349.0,357.5728571428572,0,High Value Customers
10412.0,3,34,353.1580555555556,354,33.0,351.0,354.0,380.3115151515152,0,High Value Customers
10413.0,5,13,411.59615384615387,328,12.0,323.0,328.0,400.7825,0,High Value Customers
10414.0,197,5,254.914,305,4.0,107.0,305.0,293.745,1,Low Value / Lost
10415.0,149,1,29.78,149,0.0,0.0,149.0,0.0,1,Low Value / Lost
10416.0,6,11,210.38454545454545,362,10.0,356.0,362.0,185.75,0,High Value Customers
10417.0,45,15,394.0033333333333,309,14.0,264.0,309.0,350.00928571428574,0,High Value Customers
10418.0,6,22,381.5934782608696,343,21.0,337.0,343.0,407.00714285714287,0,High Value Customers
10419.0,42,8,403.555,265,7.0,223.0,265.0,403.57714285714286,1,Low Value / Lost
10420.0,75,14,279.5892857142857,363,13.0,288.0,363.0,288.85923076923075,0,High Value Customers
10421.0,22,6,658.7866666666666,297,5.0,275.0,297.0,658.062,0,High Value Customers
10422.0,51,19,453.4004545454545,364,18.0,313.0,364.0,533.39,0,High Value Customers
10423.0,10,21,547.3933333333333,357,20.0,347.0,357.0,534.92,0,High Value Customers
10424.0,13,18,343.50944444444445,345,17.0,332.0,345.0,338.0905882352941,0,High Value Customers
10425.0,1,16,417.93875,314,15.0,313.0,314.0,419.7193333333333,0,High Value Customers
10426.0,19,9,549.7355555555555,307,8.0,288.0,307.0,322.48375,0,High Value Customers
10427.0,10,32,444.28375,359,31.0,349.0,359.0,398.2354838709677,0,High Value Customers
10428.0,11,16,460.94875,353,15.0,342.0,353.0,426.8726666666667,0,High Value Customers
10429.0,8,27,510.3762962962963,357,26.0,349.0,357.0,513.4842307692307,0,High Value Customers
10430.0,9,28,337.63241379310347,358,27.0,349.0,358.0,345.48962962962963,0,High Value Customers
10431.0,76,5,340.806,150,4.0,74.0,150.0,324.2625,1,Low Value / Lost
10432.0,6,34,395.756,360,33.0,354.0,360.0,410.8812121212121,0,High Value Customers
10433.0,18,14,360.98357142857145,354,13.0,336.0,354.0,358.39,0,High Value Customers
10434.0,1,18,360.53,358,17.0,357.0,358.0,363.11764705882354,0,High Value Customers
10435.0,64,5,413.29,295,4.0,231.0,295.0,502.36,1,Low Value / Lost
10436.0,5,3,182.34,313,2.0,308.0,313.0,214.19,1,Low Value / Lost
10437.0,17,18,378.0721052631579,358,17.0,341.0,358.0,417.7776470588236,0,High Value Customers
10438.0,4,14,369.2785714285714,288,13.0,284.0,288.0,379.7815384615385,0,High Value Customers
10439.0,3,10,497.53363636363633,352,9.0,349.0,352.0,560.9233333333334,0,High Value Customers
10440.0,40,21,535.5063636363636,365,20.0,325.0,365.0,541.3520000000001,0,High Value Customers
10442.0,48,9,383.34333333333336,329,8.0,281.0,329.0,403.31625,0,High Value Customers
10443.0,13,5,260.002,319,4.0,306.0,319.0,251.1,0,High Value Customers
10444.0,5,26,378.6503703703704,354,25.0,349.0,354.0,398.6984,0,High Value Customers
10445.0,8,12,306.82750000000004,351,11.0,343.0,351.0,315.2436363636364,0,High Value Customers
10446.0,45,8,471.47875,341,7.0,297.0,342.0,522.8328571428572,0,High Value Customers
10447.0,32,2,431.775,308,1.0,276.0,308.0,229.71,1,Low Value / Lost
10448.0,3,14,333.8735714285714,342,13.0,339.0,342.0,355.3715384615385,0,High Value Customers
10449.0,70,5,486.84,320,4.0,250.0,320.0,474.72,1,Low Value / Lost
10450.0,18,22,205.125,357,21.0,339.0,357.0,210.72523809523807,0,High Value Customers
10451.0,9,29,343.8935483870968,342,28.0,333.0,342.0,376.8535714285714,0,High Value Customers
10452.0,16,27,469.2996296296296,345,26.0,329.0,345.0,478.3530769230769,0,High Value Customers
10453.0,26,9,445.0944444444445,290,8.0,264.0,290.0,471.02,0,High Value Customers
10454.0,5,31,363.4019354838709,356,30.0,351.0,356.0,352.6053333333333,0,High Value Customers
10455.0,37,1,123.84,37,0.0,0.0,37.0,0.0,1,Low Value / Lost
10456.0,34,11,467.7445454545454,354,10.0,320.0,354.0,466.544,0,High Value Customers
10457.0,25,7,239.4142857142857,263,6.0,238.0,263.0,185.31500000000003,1,Low Value / Lost
10458.0,174,4,479.545,351,3.0,177.0,351.0,351.42,1,Low Value / Lost
10459.0,6,20,253.0452380952381,348,19.0,342.0,348.0,277.73263157894735,0,High Value Customers
10460.0,14,26,426.4023076923077,363,25.0,349.0,363.0,435.0848,0,High Value Customers
10461.0,1,13,480.8128571428571,319,12.0,318.0,319.0,532.4966666666667,0,High Value Customers
10462.0,25,13,354.7669230769231,293,12.0,268.0,293.0,354.26416666666665,0,High Value Customers
10463.0,56,17,332.295,349,16.0,293.0,349.0,357.874375,0,High Value Customers
10464.0,3,26,465.7067857142857,360,25.0,357.0,360.0,515.8851999999999,0,High Value Customers
10465.0,11,10,389.136,348,9.0,337.0,348.0,380.17333333333335,0,High Value Customers
10466.0,8,20,280.194,355,19.0,347.0,355.0,275.0647368421052,0,High Value Customers
10467.0,82,8,354.8822222222222,361,7.0,279.0,361.0,401.9814285714286,0,High Value Customers
10468.0,55,22,347.69863636363635,333,21.0,278.0,333.0,347.3928571428572,0,High Value Customers
10469.0,70,22,305.02826086956526,353,21.0,283.0,353.0,297.1428571428572,0,High Value Customers
10470.0,16,20,564.9614285714285,359,19.0,343.0,359.0,604.7389473684211,0,High Value Customers
10471.0,55,10,521.906,357,9.0,302.0,357.0,544.6822222222222,0,High Value Customers
10472.0,22,20,404.1265,365,19.0,343.0,365.0,424.2005263157895,0,High Value Customers
10473.0,19,11,331.4866666666667,326,10.0,307.0,326.0,396.197,0,High Value Customers
10475.0,10,10,355.406,260,9.0,250.0,260.0,392.6311111111111,1,Low Value / Lost
10476.0,6,18,365.3468421052632,342,17.0,336.0,342.0,396.0182352941177,0,High Value Customers
10477.0,25,8,482.98375,300,7.0,275.0,300.0,529.5814285714285,0,High Value Customers
10478.0,83,18,497.6761111111112,315,17.0,232.0,315.0,511.46941176470585,0,High Value Customers
10479.0,41,10,445.376,363,9.0,322.0,363.0,475.18888888888887,0,High Value Customers
10480.0,1,9,287.6722222222222,357,8.0,356.0,357.0,317.2975,0,High Value Customers
10481.0,10,18,377.4595238095238,357,17.0,347.0,357.0,410.5076470588235,0,High Value Customers
10482.0,23,8,399.36375,342,7.0,319.0,342.0,274.8671428571428,0,High Value Customers
10483.0,21,18,324.5305555555556,339,17.0,318.0,339.0,334.0735294117647,0,High Value Customers
10484.0,1,18,267.9088888888889,342,17.0,340.0,342.0,259.944705882353,0,High Value Customers
10485.0,7,5,465.876,337,4.0,330.0,337.0,527.6475,0,High Value Customers
10486.0,39,12,436.555,358,11.0,319.0,358.0,416.2054545454546,0,High Value Customers
10487.0,20,10,279.327,320,9.0,300.0,320.0,290.53666666666663,0,High Value Customers
10488.0,24,12,296.9891666666667,350,11.0,326.0,350.0,272.3472727272727,0,High Value Customers
10489.0,45,11,303.38272727272727,349,10.0,304.0,349.0,243.092,0,High Value Customers
10490.0,16,15,389.2433333333333,338,14.0,322.0,338.0,408.5692857142857,0,High Value Customers
10491.0,82,8,368.22875,321,7.0,239.0,321.0,358.8128571428571,1,Low Value / Lost
10492.0,103,4,356.1325,256,3.0,153.0,256.0,301.17333333333335,1,Low Value / Lost
10493.0,39,19,451.254,330,18.0,291.0,330.0,467.4666666666666,0,High Value Customers
10495.0,29,11,483.2345454545455,315,10.0,286.0,315.0,445.608,0,High Value Customers
10496.0,29,16,396.513125,343,15.0,314.0,343.0,406.2173333333333,0,High Value Customers
10497.0,19,19,311.04894736842107,340,18.0,321.0,340.0,315.7683333333333,0,High Value Customers
10498.0,24,10,465.847,312,9.0,288.0,312.0,473.01,0,High Value Customers
10499.0,12,32,369.109393939394,366,31.0,354.0,366.0,357.01258064516134,0,High Value Customers
10500.0,151,5,391.02,358,4.0,207.0,358.0,305.34250000000003,1,Low Value / Lost
10501.0,10,21,500.51238095238097,344,20.0,334.0,344.0,517.159,0,High Value Customers
10502.0,66,14,528.5214285714286,351,13.0,285.0,351.0,525.4907692307693,0,High Value Customers
10503.0,35,6,567.7933333333334,357,5.0,322.0,357.0,594.7360000000001,0,High Value Customers
10504.0,2,22,475.8127272727272,365,21.0,363.0,365.0,479.3671428571428,0,High Value Customers
10505.0,12,13,508.204,339,12.0,327.0,339.0,623.2166666666666,0,High Value Customers
10506.0,108,3,494.8133333333333,127,2.0,19.0,127.0,638.8100000000001,1,Low Value / Lost
10507.0,19,17,360.6844444444444,365,16.0,346.0,365.0,402.786875,0,High Value Customers
10508.0,75,3,539.9499999999999,334,2.0,259.0,334.0,439.805,1,Low Value / Lost
10509.0,71,19,502.1363157894737,352,18.0,281.0,352.0,472.7394444444444,0,High Value Customers
10510.0,16,8,607.03125,352,7.0,336.0,352.0,603.9657142857143,0,High Value Customers
10511.0,10,37,477.57275,365,36.0,355.0,365.0,509.3141666666667,0,High Value Customers
10512.0,27,6,323.82666666666665,310,5.0,283.0,310.0,232.478,0,High Value Customers
10513.0,16,15,378.6546666666666,287,14.0,271.0,287.0,375.5028571428571,0,High Value Customers
10514.0,9,17,309.6523529411765,332,16.0,323.0,332.0,318.87125000000003,0,High Value Customers
10515.0,14,6,359.88166666666666,306,5.0,292.0,306.0,357.95,0,High Value Customers
10516.0,20,21,293.3086363636364,357,20.0,337.0,357.0,309.517,0,High Value Customers
10517.0,8,15,360.106,349,14.0,341.0,349.0,371.055,0,High Value Customers
10518.0,358,1,150.74,358,0.0,0.0,358.0,0.0,1,Low Value / Lost
10519.0,211,2,904.44,286,1.0,75.0,286.0,548.48,1,Low Value / Lost
10520.0,12,14,376.83214285714286,365,13.0,353.0,365.0,403.9423076923077,0,High Value Customers
10521.0,8,13,395.955,310,12.0,303.0,311.0,301.18416666666667,0,High Value Customers
10522.0,42,7,488.98428571428576,140,6.0,98.0,140.0,526.8816666666667,1,Low Value / Lost
10523.0,133,12,336.935,328,11.0,196.0,329.0,331.2472727272728,1,Low Value / Lost
10524.0,182,5,572.102,334,4.0,152.0,334.0,363.535,1,Low Value / Lost
10525.0,19,12,239.32083333333333,328,11.0,309.0,328.0,243.87181818181816,0,High Value Customers
10526.0,42,12,226.47,347,11.0,305.0,347.0,239.01,0,High Value Customers
10527.0,7,26,303.875,358,25.0,351.0,358.0,328.1792,0,High Value Customers
10528.0,46,10,337.72400000000005,348,9.0,302.0,348.0,351.05555555555554,0,High Value Customers
10529.0,2,12,299.1066666666667,333,11.0,331.0,333.0,310.3118181818182,0,High Value Customers
10530.0,4,9,432.91,273,8.0,269.0,273.0,448.55375,0,High Value Customers
10531.0,3,16,330.84625,322,15.0,319.0,322.0,349.4146666666667,0,High Value Customers
10532.0,59,9,338.81666666666666,358,8.0,299.0,358.0,346.99875,0,High Value Customers
10533.0,3,24,382.04,351,23.0,349.0,352.0,380.82260869565215,0,High Value Customers
10534.0,94,8,376.439,343,7.0,249.0,343.0,398.2757142857143,1,Low Value / Lost
10535.0,63,18,431.83833333333337,358,17.0,295.0,358.0,437.5776470588236,0,High Value Customers
10536.0,32,20,623.612,352,19.0,320.0,352.0,605.8157894736842,0,High Value Customers
10537.0,29,24,487.684,363,23.0,334.0,363.0,525.9408695652173,0,High Value Customers
10538.0,9,15,297.4306666666667,338,14.0,329.0,338.0,262.89,0,High Value Customers
10539.0,17,9,347.4811111111111,328,8.0,311.0,328.0,378.17875,0,High Value Customers
10540.0,73,4,479.325,178,3.0,105.0,178.0,372.76666666666665,1,Low Value / Lost
10541.0,10,26,361.5440740740741,327,25.0,317.0,327.0,374.6216,0,High Value Customers
10542.0,55,15,247.806,351,14.0,296.0,351.0,262.27642857142854,0,High Value Customers
10543.0,12,18,483.7505555555556,363,17.0,351.0,363.0,500.3058823529413,0,High Value Customers
10544.0,71,9,388.47,360,8.0,289.0,360.0,428.52875,0,High Value Customers
10545.0,27,10,424.842,361,9.0,334.0,361.0,464.0477777777778,0,High Value Customers
10546.0,21,24,377.9816,362,23.0,341.0,362.0,398.0543478260869,0,High Value Customers
10547.0,33,20,289.2828571428571,365,19.0,332.0,365.0,287.1836842105263,0,High Value Customers
10548.0,6,16,437.4968750000001,359,15.0,353.0,359.0,432.77,0,High Value Customers
10549.0,9,17,506.9135294117647,338,16.0,329.0,338.0,453.620625,0,High Value Customers
10550.0,7,16,389.5470588235294,263,15.0,256.0,263.0,420.66,0,High Value Customers
10551.0,53,6,453.0728571428572,361,5.0,308.0,361.0,334.222,0,High Value Customers
10552.0,3,13,337.07615384615383,272,12.0,269.0,272.0,356.51500000000004,0,High Value Customers
10553.0,126,3,741.3966666666666,363,2.0,237.0,363.0,716.8700000000001,1,Low Value / Lost
10554.0,200,2,235.125,256,1.0,56.0,256.0,353.85,1,Low Value / Lost
10555.0,59,15,456.773125,320,14.0,261.0,320.0,508.7264285714286,0,High Value Customers
10556.0,6,10,266.612,358,9.0,352.0,358.0,293.6955555555556,0,High Value Customers
10557.0,52,11,430.9054545454546,358,10.0,306.0,358.0,431.932,0,High Value Customers
10558.0,55,12,263.0392307692308,329,11.0,274.0,329.0,261.1645454545455,0,High Value Customers
10559.0,20,12,264.9291666666667,337,11.0,317.0,337.0,254.45636363636365,0,High Value Customers
10560.0,38,8,345.01,332,7.0,294.0,332.0,327.8414285714286,0,High Value Customers
10561.0,150,1,401.52,150,0.0,0.0,150.0,0.0,1,Low Value / Lost
10562.0,6,9,243.05090909090907,282,8.0,276.0,282.0,286.68625,0,High Value Customers
10563.0,103,2,166.28,105,1.0,1.0,105.0,133.38,1,Low Value / Lost
10564.0,40,13,338.8184615384616,358,12.0,318.0,358.0,364.5716666666667,0,High Value Customers
10565.0,15,26,333.42962962962963,355,25.0,340.0,355.0,310.6488,0,High Value Customers
10566.0,13,22,423.3317391304348,349,21.0,336.0,349.0,455.3790476190477,0,High Value Customers
10567.0,8,4,231.3675,234,3.0,226.0,234.0,171.16,1,Low Value / Lost
10568.0,126,10,433.1872727272728,316,9.0,190.0,316.0,454.5577777777778,1,Low Value / Lost
10569.0,9,15,455.0275,357,14.0,348.0,357.0,507.26857142857136,0,High Value Customers
10570.0,41,13,411.2576923076923,327,12.0,286.0,327.0,418.225,0,High Value Customers
10571.0,12,10,560.3245454545454,359,9.0,347.0,359.0,649.4133333333334,0,High Value Customers
10572.0,18,17,361.36117647058825,320,16.0,302.0,320.0,375.218125,0,High Value Customers
10573.0,30,11,418.2772727272728,340,10.0,310.0,340.0,443.709,0,High Value Customers
10574.0,81,10,341.265,357,9.0,276.0,357.0,372.39,0,High Value Customers
10575.0,20,9,293.5444444444445,305,8.0,285.0,305.0,321.49,0,High Value Customers
10576.0,6,13,358.57230769230773,357,12.0,351.0,357.0,381.85083333333336,0,High Value Customers
10577.0,4,31,405.58969696969694,352,30.0,348.0,352.0,432.6456666666666,0,High Value Customers
10578.0,96,8,364.96625,346,7.0,250.0,346.0,341.3757142857143,1,Low Value / Lost
10579.0,11,20,369.2065,356,19.0,345.0,356.0,350.78684210526313,0,High Value Customers
10580.0,42,10,380.937,351,9.0,309.0,351.0,370.23,0,High Value Customers
10581.0,2,14,364.956,301,13.0,299.0,301.0,398.6123076923077,0,High Value Customers
10582.0,1,22,392.3608695652173,342,21.0,341.0,342.0,414.2657142857143,0,High Value Customers
10583.0,15,8,297.55625,342,7.0,328.0,343.0,289.2528571428571,0,High Value Customers
10584.0,14,18,449.5872222222222,346,17.0,332.0,346.0,462.65705882352944,0,High Value Customers
10585.0,35,4,361.4075,342,3.0,307.0,342.0,450.8433333333334,0,High Value Customers
10586.0,65,6,278.02,314,5.0,249.0,314.0,264.874,1,Low Value / Lost
10587.0,38,11,526.8427272727273,296,10.0,258.0,296.0,565.739,0,High Value Customers
10588.0,3,26,383.3988461538461,335,25.0,332.0,335.0,381.1888,0,High Value Customers
10589.0,6,17,420.9694117647059,358,16.0,352.0,358.0,442.97125000000005,0,High Value Customers
10590.0,27,4,405.895,192,3.0,165.0,192.0,439.8533333333333,1,Low Value / Lost
10591.0,337,1,27.93,337,0.0,0.0,337.0,0.0,1,Low Value / Lost
10592.0,9,15,437.04875,345,14.0,336.0,345.0,496.23928571428576,0,High Value Customers
10593.0,60,8,201.20125,332,7.0,272.0,332.0,206.6842857142857,1,Low Value / Lost
10594.0,8,17,346.8264705882353,364,16.0,356.0,364.0,354.80625,0,High Value Customers
10595.0,16,16,394.3375,359,15.0,343.0,359.0,399.9386666666667,0,High Value Customers
10596.0,51,17,462.4582352941176,324,16.0,273.0,324.0,431.743125,0,High Value Customers
10597.0,56,11,579.3918181818182,358,10.0,302.0,358.0,583.095,0,High Value Customers
10598.0,17,20,556.0675,356,19.0,339.0,356.0,546.9226315789474,0,High Value Customers
10599.0,69,7,272.62857142857143,358,6.0,289.0,358.0,236.8083333333333,0,High Value Customers
10600.0,38,3,530.27,356,2.0,318.0,356.0,392.37,0,High Value Customers
10601.0,53,21,473.6966666666667,365,20.0,312.0,365.0,458.8735,0,High Value Customers
10602.0,175,6,188.00833333333333,318,5.0,143.0,318.0,162.622,1,Low Value / Lost
10603.0,3,18,434.6011111111111,353,17.0,350.0,353.0,445.0211764705882,0,High Value Customers
10604.0,6,24,455.4868,350,23.0,344.0,350.0,481.88391304347823,0,High Value Customers
10605.0,80,4,352.3025,174,3.0,94.0,174.0,444.6133333333333,1,Low Value / Lost
10606.0,8,28,447.1817857142857,312,27.0,304.0,312.0,450.06259259259264,0,High Value Customers
10607.0,48,5,449.208,349,4.0,301.0,349.0,544.815,0,High Value Customers
10608.0,11,12,404.76416666666665,356,11.0,344.0,356.0,403.3863636363636,0,High Value Customers
10610.0,25,7,455.8985714285714,280,6.0,255.0,280.0,461.775,1,Low Value / Lost
10611.0,7,10,309.25,298,9.0,291.0,298.0,297.3277777777778,0,High Value Customers
10612.0,33,3,466.58,134,2.0,101.0,134.0,509.02,1,Low Value / Lost
10613.0,21,16,422.5011764705882,265,15.0,244.0,265.0,457.61066666666665,0,High Value Customers
10614.0,9,18,282.41428571428577,357,17.0,348.0,357.0,329.4405882352941,0,High Value Customers
10615.0,3,25,411.4412,341,24.0,338.0,341.0,423.5741666666667,0,High Value Customers
10616.0,69,6,268.7333333333333,227,5.0,158.0,227.0,275.05,1,Low Value / Lost
10617.0,103,9,414.5466666666667,358,8.0,255.0,358.0,418.50875,0,High Value Customers
10618.0,264,2,238.0,283,1.0,19.0,283.0,425.84,1,Low Value / Lost
10619.0,17,15,516.618,334,14.0,317.0,334.0,504.6564285714286,0,High Value Customers
10620.0,10,16,494.8541176470589,350,15.0,339.0,350.0,533.1706666666666,0,High Value Customers
10621.0,16,15,538.466,364,14.0,348.0,364.0,562.985,0,High Value Customers
10622.0,120,3,309.13000000000005,239,2.0,119.0,239.0,207.15,1,Low Value / Lost
10623.0,134,1,753.4,134,0.0,0.0,134.0,0.0,1,Low Value / Lost
10624.0,167,1,123.84,167,0.0,0.0,167.0,0.0,1,Low Value / Lost
10625.0,25,18,391.70052631578943,360,17.0,335.0,360.0,419.7664705882353,0,High Value Customers
10626.0,29,10,397.76181818181817,276,9.0,247.0,276.0,438.6477777777778,1,Low Value / Lost
10627.0,9,25,393.7111538461538,362,24.0,353.0,362.0,425.48791666666665,0,High Value Customers
10628.0,25,12,356.69416666666666,342,11.0,317.0,342.0,373.65090909090907,0,High Value Customers
10629.0,3,9,269.15444444444444,324,8.0,321.0,324.0,290.0675,0,High Value Customers
10630.0,184,4,320.245,336,3.0,152.0,336.0,311.9533333333334,1,Low Value / Lost
10631.0,2,21,320.2809090909091,344,20.0,342.0,344.0,341.5815,0,High Value Customers
10632.0,1,12,466.1084615384616,344,11.0,343.0,344.0,505.6372727272728,0,High Value Customers
10633.0,136,6,491.9666666666667,342,5.0,206.0,342.0,432.83600000000007,1,Low Value / Lost
10634.0,17,10,400.091,349,9.0,332.0,349.0,426.96333333333337,0,High Value Customers
10635.0,5,6,282.61,344,5.0,339.0,344.0,237.888,0,High Value Customers
10636.0,32,13,500.8476923076923,281,12.0,249.0,281.0,481.7225,0,High Value Customers
10637.0,208,2,303.21000000000004,225,1.0,17.0,225.0,75.24,1,Low Value / Lost
10638.0,11,7,358.37857142857143,294,6.0,283.0,294.0,361.14166666666665,0,High Value Customers
10639.0,5,9,345.69777777777773,325,8.0,320.0,325.0,385.4,0,High Value Customers
10640.0,6,15,193.31666666666663,343,14.0,337.0,343.0,154.25714285714284,0,High Value Customers
10641.0,8,20,373.4595,348,19.0,340.0,348.0,375.0205263157894,0,High Value Customers
10642.0,23,4,501.455,262,3.0,239.0,262.0,445.90333333333336,1,Low Value / Lost
10643.0,18,16,315.594375,346,15.0,327.0,346.0,308.7506666666667,0,High Value Customers
10644.0,19,6,310.2333333333333,316,5.0,297.0,316.0,319.684,0,High Value Customers
10645.0,47,8,309.4975,309,7.0,262.0,309.0,253.4485714285714,1,Low Value / Lost
10646.0,2,14,513.5657142857143,361,13.0,359.0,361.0,529.6669230769231,0,High Value Customers
10647.0,15,20,340.79809523809524,336,19.0,321.0,336.0,356.2821052631579,0,High Value Customers
10648.0,5,20,464.6876190476191,348,19.0,343.0,348.0,512.4884210526316,0,High Value Customers
10649.0,53,5,267.02,297,4.0,243.0,297.0,313.125,1,Low Value / Lost
10650.0,38,19,282.1621052631579,341,18.0,303.0,341.0,281.1505555555556,0,High Value Customers
10651.0,5,17,547.86,359,16.0,354.0,359.0,542.33125,0,High Value Customers
10652.0,20,25,364.3696153846154,348,24.0,328.0,348.0,367.5216666666667,0,High Value Customers
10653.0,30,6,435.6785714285714,158,5.0,128.0,158.0,580.6700000000001,1,Low Value / Lost
10654.0,41,8,477.27125,335,7.0,294.0,335.0,505.76714285714286,0,High Value Customers
10655.0,6,31,465.2988235294118,315,30.0,309.0,315.0,485.372,0,High Value Customers
10656.0,11,23,347.182,345,22.0,334.0,345.0,385.47136363636366,0,High Value Customers
10657.0,13,5,460.596,232,4.0,219.0,232.0,518.9925,1,Low Value / Lost
10658.0,31,7,377.07,298,6.0,267.0,298.0,347.94,1,Low Value / Lost
10659.0,42,10,232.46400000000003,358,9.0,316.0,358.0,254.76666666666668,0,High Value Customers
10660.0,5,19,437.9152631578947,307,18.0,302.0,307.0,390.9111111111111,0,High Value Customers
10661.0,1,2,570.22,322,1.0,321.0,322.0,135.66,0,High Value Customers
10662.0,24,29,400.78,365,28.0,341.0,365.0,425.4321428571429,0,High Value Customers
10663.0,47,4,413.115,344,3.0,297.0,344.0,481.88000000000005,0,High Value Customers
10664.0,20,8,382.52,359,7.0,339.0,359.0,401.0857142857143,0,High Value Customers
10665.0,14,17,341.6747058823529,354,16.0,339.0,354.0,329.571875,0,High Value Customers
10666.0,1,9,211.5411111111111,219,8.0,218.0,219.0,210.76625,1,Low Value / Lost
10667.0,141,6,521.03,321,5.0,180.0,321.0,560.37,1,Low Value / Lost
10668.0,2,15,416.2525,312,14.0,310.0,312.0,453.13142857142856,0,High Value Customers
10669.0,22,7,331.4757142857143,317,6.0,295.0,317.0,358.5683333333333,0,High Value Customers
10670.0,7,4,404.915,216,3.0,209.0,216.0,309.93333333333334,1,Low Value / Lost
10671.0,5,20,428.553,342,19.0,337.0,342.0,410.0515789473684,0,High Value Customers
10672.0,64,13,329.806875,365,12.0,301.0,365.0,407.16333333333336,0,High Value Customers
10673.0,18,16,250.32875,338,15.0,320.0,338.0,227.364,0,High Value Customers
10674.0,15,5,278.746,267,4.0,252.0,267.0,342.3325,1,Low Value / Lost
10675.0,170,5,143.076,341,4.0,171.0,341.0,108.25,1,Low Value / Lost
10676.0,20,19,370.9245,360,18.0,340.0,360.0,383.6144444444445,0,High Value Customers
10677.0,5,19,355.1335,363,18.0,358.0,363.0,356.9344444444444,0,High Value Customers
10678.0,75,15,421.1886666666667,355,14.0,280.0,355.0,424.67928571428575,0,High Value Customers
10679.0,95,4,168.0,365,3.0,270.0,365.0,184.62,1,Low Value / Lost
10680.0,61,14,422.79285714285714,312,13.0,251.0,312.0,451.2907692307692,0,High Value Customers
10681.0,1,13,454.3528571428571,365,12.0,364.0,365.0,487.9883333333333,0,High Value Customers
10682.0,25,19,392.212,304,18.0,279.0,304.0,395.8411111111111,0,High Value Customers
10683.0,13,22,407.0886363636364,356,21.0,343.0,356.0,397.76142857142855,0,High Value Customers
10684.0,1,11,335.8545454545455,345,10.0,344.0,345.0,358.546,0,High Value Customers
10685.0,199,4,341.26,361,3.0,162.0,361.0,295.25333333333333,1,Low Value / Lost
10686.0,14,12,330.6508333333333,340,11.0,326.0,340.0,352.0318181818182,0,High Value Customers
10687.0,11,14,437.59857142857146,328,13.0,317.0,328.0,460.9969230769231,0,High Value Customers
10688.0,15,9,531.11,344,8.0,329.0,344.0,541.77625,0,High Value Customers
10689.0,2,10,261.648,350,9.0,348.0,350.0,227.60333333333327,0,High Value Customers
10690.0,27,24,300.0423076923077,350,23.0,324.0,351.0,336.3582608695652,0,High Value Customers
10691.0,12,25,452.6325925925926,361,24.0,348.0,361.0,492.06666666666666,0,High Value Customers
10692.0,56,12,367.41083333333336,354,11.0,298.0,354.0,356.2454545454545,0,High Value Customers
10693.0,43,7,127.82142857142856,319,6.0,276.0,319.0,123.515,1,Low Value / Lost
10694.0,10,28,461.3496666666667,352,27.0,342.0,352.0,500.5170370370371,0,High Value Customers
10695.0,91,4,173.44,129,3.0,38.0,129.0,202.08,1,Low Value / Lost
10696.0,4,27,473.30107142857145,361,26.0,357.0,361.0,489.5903846153846,0,High Value Customers
10697.0,38,9,428.28333333333336,286,8.0,248.0,286.0,471.92875,1,Low Value / Lost
10698.0,12,14,458.4664285714285,353,13.0,341.0,353.0,411.96,0,High Value Customers
10699.0,43,4,386.41,306,3.0,263.0,306.0,394.0666666666666,1,Low Value / Lost
10700.0,36,15,283.4875,318,14.0,282.0,318.0,288.5964285714286,0,High Value Customers
10701.0,1,19,470.30947368421056,355,18.0,354.0,355.0,490.7766666666666,0,High Value Customers
10702.0,57,9,478.8522222222222,354,8.0,297.0,354.0,530.5187500000001,0,High Value Customers
10703.0,20,7,341.9814285714286,338,6.0,318.0,338.0,347.8433333333333,0,High Value Customers
10704.0,17,11,509.85,322,10.0,305.0,322.0,527.355,0,High Value Customers
10705.0,62,12,375.2675,350,11.0,288.0,350.0,345.83363636363634,0,High Value Customers
10706.0,27,4,451.235,315,3.0,288.0,315.0,507.01666666666665,0,High Value Customers
10707.0,171,5,435.32,295,4.0,124.0,295.0,420.61,1,Low Value / Lost
10708.0,4,23,424.90086956521736,363,22.0,359.0,363.0,432.2609090909091,0,High Value Customers
10709.0,51,3,488.7466666666666,291,2.0,240.0,291.0,698.8399999999999,1,Low Value / Lost
10710.0,30,25,430.1604,359,24.0,329.0,359.0,420.01375,0,High Value Customers
10711.0,42,7,395.17,338,6.0,296.0,338.0,422.6166666666666,0,High Value Customers
10712.0,26,24,368.7720833333333,365,23.0,339.0,365.0,350.8491304347826,0,High Value Customers
10713.0,21,9,346.50888888888886,171,8.0,150.0,171.0,383.25,1,Low Value / Lost
10714.0,12,6,329.225,304,5.0,292.0,304.0,373.306,0,High Value Customers
10715.0,60,7,287.13571428571424,345,6.0,286.0,346.0,315.94166666666666,0,High Value Customers
10716.0,4,18,366.9978947368421,339,17.0,335.0,339.0,397.0235294117648,0,High Value Customers
10717.0,19,7,355.90857142857146,331,6.0,312.0,331.0,392.2466666666666,0,High Value Customers
10718.0,4,47,426.53,360,46.0,356.0,360.0,440.5252173913044,0,High Value Customers
10719.0,45,7,340.5257142857143,355,6.0,310.0,355.0,373.2,0,High Value Customers
10720.0,45,7,411.31,342,6.0,297.0,342.0,469.54166666666674,0,High Value Customers
10721.0,109,4,336.64,307,3.0,198.0,307.0,317.84,1,Low Value / Lost
10722.0,92,11,288.80749999999995,358,10.0,266.0,358.0,309.154,0,High Value Customers
10723.0,57,13,437.892,365,12.0,308.0,365.0,537.1983333333334,0,High Value Customers
10724.0,15,31,458.9123529411765,338,30.0,323.0,338.0,492.19233333333335,0,High Value Customers
10725.0,43,4,792.575,334,3.0,291.0,334.0,893.9200000000001,0,High Value Customers
10726.0,117,3,309.7366666666667,195,2.0,78.0,195.0,206.105,1,Low Value / Lost
10727.0,82,13,351.15769230769234,364,12.0,282.0,364.0,365.9483333333333,0,High Value Customers
10728.0,7,16,502.945625,365,15.0,358.0,365.0,504.96066666666667,0,High Value Customers
10729.0,10,24,421.0048000000001,349,23.0,339.0,349.0,453.374347826087,0,High Value Customers
10730.0,6,10,400.774,359,9.0,353.0,359.0,392.0377777777778,0,High Value Customers
10731.0,20,10,383.0700000000001,328,9.0,308.0,328.0,465.57444444444445,0,High Value Customers
10732.0,4,9,349.44111111111107,325,8.0,321.0,325.0,358.15625,0,High Value Customers
10733.0,3,16,434.501875,301,15.0,298.0,301.0,426.90333333333336,0,High Value Customers
10734.0,27,11,334.84000000000003,359,10.0,332.0,359.0,308.54100000000005,0,High Value Customers
10735.0,9,18,337.1194444444444,342,17.0,333.0,342.0,317.0482352941176,0,High Value Customers
10736.0,85,2,122.895,275,1.0,190.0,275.0,106.14,1,Low Value / Lost
10737.0,71,9,408.8455555555556,181,8.0,110.0,181.0,380.575,1,Low Value / Lost
10738.0,28,8,379.85875,311,7.0,283.0,311.0,310.1771428571428,0,High Value Customers
10739.0,33,4,414.4649999999999,285,3.0,252.0,285.0,503.82,1,Low Value / Lost
10740.0,113,9,589.2355555555556,348,8.0,235.0,348.0,593.72125,0,High Value Customers
10741.0,7,14,473.4364285714286,357,13.0,351.0,358.0,497.6653846153846,0,High Value Customers
10742.0,11,23,323.66375,355,22.0,344.0,355.0,310.7059090909091,0,High Value Customers
10743.0,22,22,404.025,329,21.0,307.0,329.0,412.89571428571423,0,High Value Customers
10744.0,165,5,390.554,327,4.0,162.0,327.0,417.8825,1,Low Value / Lost
10745.0,34,14,324.0421428571429,360,13.0,326.0,360.0,321.7284615384615,0,High Value Customers
10746.0,27,23,381.45695652173913,360,22.0,333.0,360.0,378.2404545454545,0,High Value Customers
10747.0,12,13,389.53333333333336,334,12.0,322.0,334.0,433.5216666666667,0,High Value Customers
10748.0,82,18,300.6477777777778,311,17.0,229.0,311.0,287.0270588235294,0,High Value Customers
10749.0,5,13,449.92285714285714,327,12.0,322.0,327.0,514.8891666666667,0,High Value Customers
10750.0,137,6,390.5433333333333,321,5.0,184.0,321.0,415.116,1,Low Value / Lost
10751.0,31,8,476.12750000000005,360,7.0,329.0,360.0,430.73,0,High Value Customers
10752.0,9,13,384.2864285714286,360,12.0,351.0,360.0,388.7875,0,High Value Customers
10753.0,10,11,347.12636363636364,333,10.0,323.0,333.0,341.979,0,High Value Customers
10754.0,32,8,681.56125,310,7.0,278.0,310.0,677.2914285714286,0,High Value Customers
10755.0,9,7,374.0557142857143,270,6.0,261.0,270.0,373.73166666666674,1,Low Value / Lost
10756.0,52,21,328.5895454545455,365,20.0,312.0,365.0,359.725,0,High Value Customers
10757.0,4,11,393.7763636363636,340,10.0,336.0,340.0,413.96400000000006,0,High Value Customers
10758.0,14,17,637.3417647058823,345,16.0,331.0,345.0,667.906875,0,High Value Customers
10759.0,101,4,535.8875,243,3.0,142.0,243.0,445.31666666666666,1,Low Value / Lost
10760.0,28,15,446.824,338,14.0,310.0,338.0,476.1478571428571,0,High Value Customers
10761.0,70,5,319.816,228,4.0,158.0,228.0,384.9,1,Low Value / Lost
10762.0,106,7,398.81875,303,6.0,197.0,303.0,476.39166666666665,1,Low Value / Lost
10763.0,169,5,436.03,316,4.0,147.0,316.0,385.0125000000001,1,Low Value / Lost
10764.0,3,22,465.2390909090909,345,21.0,342.0,345.0,464.1885714285715,0,High Value Customers
10765.0,16,18,516.9327777777778,360,17.0,344.0,360.0,523.8947058823529,0,High Value Customers
10766.0,32,4,145.3775,329,3.0,297.0,329.0,169.12,1,Low Value / Lost
10767.0,9,29,313.32689655172413,360,28.0,351.0,360.0,309.11285714285714,0,High Value Customers
10768.0,28,15,424.6113333333333,362,14.0,334.0,362.0,382.2921428571429,0,High Value Customers
10769.0,1,14,397.7535714285714,328,13.0,327.0,328.0,334.13153846153847,0,High Value Customers
10770.0,167,7,593.0128571428571,355,6.0,188.0,355.0,599.4133333333333,1,Low Value / Lost
10771.0,14,22,480.2336363636363,357,21.0,343.0,357.0,502.85,0,High Value Customers
10772.0,2,7,341.00428571428574,349,6.0,347.0,349.0,388.3133333333333,0,High Value Customers
10773.0,44,11,568.2518181818182,309,10.0,265.0,309.0,616.821,0,High Value Customers
10774.0,116,2,616.4200000000001,323,1.0,207.0,323.0,535.4,1,Low Value / Lost
10775.0,9,11,559.170909090909,355,10.0,346.0,355.0,536.534,0,High Value Customers
10776.0,1,16,446.60375,340,15.0,340.0,341.0,437.4993333333333,0,High Value Customers
10777.0,38,9,424.8377777777778,340,8.0,302.0,340.0,452.7725,0,High Value Customers
10778.0,157,2,123.895,177,1.0,20.0,177.0,204.88,1,Low Value / Lost
10779.0,11,12,263.9191666666667,304,11.0,293.0,304.0,271.81545454545454,0,High Value Customers
10780.0,82,10,445.8,336,9.0,254.0,336.0,314.3888888888889,0,High Value Customers
10781.0,59,18,372.675,325,17.0,266.0,325.0,384.7394117647059,0,High Value Customers
10782.0,14,11,383.9090909090909,353,10.0,339.0,353.0,364.41,0,High Value Customers
10783.0,30,6,252.62833333333333,362,5.0,332.0,362.0,244.312,0,High Value Customers
10784.0,30,5,469.7219999999999,296,4.0,266.0,296.0,138.3725,1,Low Value / Lost
10785.0,5,15,239.85266666666664,349,14.0,344.0,349.0,213.04285714285717,0,High Value Customers
10786.0,16,4,479.62,132,3.0,116.0,132.0,541.6866666666666,1,Low Value / Lost
10787.0,50,5,241.218,350,4.0,300.0,350.0,205.8675,0,High Value Customers
10788.0,4,30,313.35580645161286,341,29.0,338.0,342.0,316.1837931034483,0,High Value Customers
10789.0,25,25,274.668,353,24.0,328.0,353.0,274.9975,0,High Value Customers
10790.0,37,19,497.818,351,18.0,314.0,351.0,503.9211111111111,0,High Value Customers
10791.0,15,25,501.8916,353,24.0,338.0,353.0,504.6470833333333,0,High Value Customers
10792.0,19,17,565.48,364,16.0,345.0,364.0,614.694375,0,High Value Customers
10793.0,47,10,366.116,260,9.0,213.0,260.0,376.1555555555556,1,Low Value / Lost
10794.0,3,6,350.43666666666667,338,5.0,335.0,338.0,373.976,0,High Value Customers
10795.0,30,7,546.3414285714285,294,6.0,264.0,294.0,568.7166666666667,0,High Value Customers
10796.0,27,8,495.635,337,7.0,310.0,337.0,414.6042857142857,0,High Value Customers
10797.0,45,15,452.9270588235294,339,14.0,294.0,339.0,533.1257142857143,0,High Value Customers
10798.0,5,15,370.1293333333333,341,14.0,336.0,341.0,382.5035714285714,0,High Value Customers
10799.0,192,2,292.64,262,1.0,70.0,262.0,525.8,1,Low Value / Lost
10800.0,20,8,471.3825,329,7.0,309.0,329.0,481.7128571428572,0,High Value Customers
10801.0,13,4,256.22,340,3.0,327.0,340.0,220.3466666666667,0,High Value Customers
10802.0,5,7,314.22,284,6.0,279.0,284.0,355.78000000000003,1,Low Value / Lost
10803.0,7,25,534.6452,330,24.0,323.0,330.0,549.6570833333334,0,High Value Customers
10804.0,3,7,375.43142857142857,360,6.0,357.0,360.0,391.0566666666666,0,High Value Customers
10805.0,1,19,285.71684210526314,348,18.0,347.0,348.0,273.69,0,High Value Customers
10806.0,28,9,404.9955555555555,362,8.0,334.0,362.0,349.21625,0,High Value Customers
10807.0,3,24,397.0656000000001,355,23.0,352.0,355.0,427.3495652173913,0,High Value Customers
10808.0,15,9,304.4222222222222,344,8.0,329.0,344.0,303.685,0,High Value Customers
10809.0,82,10,340.248,330,9.0,248.0,330.0,354.2144444444445,1,Low Value / Lost
10810.0,25,16,375.39,361,15.0,336.0,361.0,345.49666666666667,0,High Value Customers
10811.0,6,20,477.189,363,19.0,357.0,363.0,458.9121052631579,0,High Value Customers
10812.0,2,8,448.84125,307,7.0,305.0,307.0,484.1614285714286,0,High Value Customers
10813.0,19,11,457.97181818181815,319,10.0,300.0,319.0,466.829,0,High Value Customers
10814.0,3,17,366.35117647058826,360,16.0,357.0,360.0,384.711875,0,High Value Customers
10815.0,3,17,344.4670588235294,323,16.0,320.0,323.0,360.299375,0,High Value Customers
10816.0,9,19,429.3805263157895,362,18.0,353.0,362.0,443.5105555555556,0,High Value Customers
10817.0,30,6,394.8733333333333,327,5.0,297.0,327.0,444.988,0,High Value Customers
10818.0,119,6,315.9871428571428,265,5.0,146.0,265.0,434.046,1,Low Value / Lost
10819.0,45,7,235.1371428571429,311,6.0,266.0,311.0,259.7766666666667,1,Low Value / Lost
10820.0,160,5,505.932,352,4.0,192.0,352.0,538.1725,1,Low Value / Lost
10821.0,1,13,411.7238461538461,365,12.0,364.0,365.0,443.5625,0,High Value Customers
10822.0,98,3,549.9766666666667,317,2.0,219.0,317.0,673.9449999999999,1,Low Value / Lost
10823.0,2,22,321.85521739130434,361,21.0,359.0,361.0,317.32714285714286,0,High Value Customers
10824.0,54,11,201.0309090909091,235,10.0,181.0,235.0,216.562,1,Low Value / Lost
10825.0,38,12,397.2675,355,11.0,317.0,355.0,429.6772727272728,0,High Value Customers
10826.0,191,1,635.46,191,0.0,0.0,191.0,0.0,1,Low Value / Lost
10827.0,1,24,492.7512,340,23.0,339.0,340.0,444.3434782608696,0,High Value Customers
10828.0,31,14,314.8964285714286,346,13.0,315.0,346.0,328.3530769230769,0,High Value Customers
10829.0,11,16,564.0511764705883,364,15.0,353.0,364.0,630.2126666666667,0,High Value Customers
10830.0,38,11,250.08272727272723,363,10.0,325.0,363.0,199.806,0,High Value Customers
10831.0,14,19,381.56894736842105,347,18.0,333.0,347.0,393.7505555555556,0,High Value Customers
10832.0,119,2,251.24,268,1.0,149.0,268.0,383.8,1,Low Value / Lost
10833.0,4,14,425.5633333333333,334,13.0,330.0,334.0,442.0392307692308,0,High Value Customers
10834.0,107,1,464.88,107,0.0,0.0,107.0,0.0,1,Low Value / Lost
10835.0,96,3,365.4333333333334,213,2.0,117.0,213.0,395.19,1,Low Value / Lost
10836.0,20,18,476.7561111111111,340,17.0,320.0,340.0,499.5452941176471,0,High Value Customers
10837.0,79,8,589.7175,363,7.0,284.0,363.0,571.7257142857143,0,High Value Customers
10838.0,35,7,481.6171428571428,322,6.0,287.0,322.0,472.78833333333336,0,High Value Customers
10839.0,26,14,337.94357142857143,348,13.0,322.0,348.0,346.35769230769233,0,High Value Customers
10840.0,16,23,412.38565217391306,355,22.0,339.0,355.0,410.69090909090914,0,High Value Customers
10841.0,25,12,366.42615384615385,321,11.0,296.0,321.0,422.11727272727273,0,High Value Customers
10842.0,4,31,431.06375,344,30.0,340.0,344.0,459.2803333333333,0,High Value Customers
10843.0,1,7,295.31875,346,6.0,345.0,346.0,287.475,0,High Value Customers
10844.0,27,20,260.866,348,19.0,321.0,348.0,268.3515789473684,0,High Value Customers
10845.0,104,15,357.14733333333334,337,14.0,233.0,337.0,376.895,0,High Value Customers
10846.0,21,10,327.855,357,9.0,336.0,357.0,288.91333333333336,0,High Value Customers
10847.0,52,15,350.1486666666667,359,14.0,307.0,359.0,371.8164285714286,0,High Value Customers
10848.0,96,2,367.095,305,1.0,209.0,305.0,265.59000000000003,1,Low Value / Lost
10849.0,1,12,445.0183333333334,240,11.0,239.0,240.0,464.6345454545454,1,Low Value / Lost
10850.0,26,8,362.60125,346,7.0,320.0,346.0,378.32142857142856,0,High Value Customers
10851.0,27,9,422.7155555555555,336,8.0,309.0,336.0,456.47,0,High Value Customers
10852.0,41,14,301.072,343,13.0,302.0,343.0,340.3569230769231,0,High Value Customers
10853.0,11,16,397.95529411764704,364,15.0,353.0,364.0,392.858,0,High Value Customers
10854.0,4,23,312.8870833333333,360,22.0,356.0,360.0,333.9036363636364,0,High Value Customers
10855.0,10,13,625.7492857142857,294,12.0,284.0,294.0,654.7624999999999,0,High Value Customers
10856.0,18,13,394.02,358,12.0,340.0,358.0,458.18,0,High Value Customers
10857.0,31,23,335.3768,365,22.0,334.0,365.0,342.59909090909093,0,High Value Customers
10858.0,34,15,346.62,340,14.0,306.0,340.0,308.86428571428576,0,High Value Customers
10859.0,25,11,453.69090909090914,343,10.0,318.0,343.0,457.64,0,High Value Customers
10860.0,13,20,335.8755,356,19.0,343.0,356.0,349.2057894736842,0,High Value Customers
10861.0,18,7,221.18142857142857,339,6.0,321.0,339.0,220.995,0,High Value Customers
10862.0,1,31,470.610625,359,30.0,358.0,359.0,493.517,0,High Value Customers
10863.0,7,27,511.17785714285714,363,26.0,356.0,363.0,521.7184615384615,0,High Value Customers
10864.0,74,8,554.54125,358,7.0,284.0,358.0,527.0342857142857,0,High Value Customers
10865.0,86,8,559.66625,295,7.0,209.0,295.0,593.47,1,Low Value / Lost
10866.0,2,20,403.6952380952381,362,19.0,360.0,362.0,379.4105263157895,0,High Value Customers
10867.0,42,28,408.6725,365,27.0,323.0,365.0,398.47222222222223,0,High Value Customers
10868.0,8,14,393.9771428571429,353,13.0,345.0,353.0,353.3623076923077,0,High Value Customers
10869.0,188,5,342.77,354,4.0,166.0,354.0,396.5875,1,Low Value / Lost
10870.0,43,12,502.6625,356,11.0,314.0,357.0,504.73,0,High Value Customers
10871.0,2,9,249.5377777777778,339,8.0,337.0,339.0,277.69125,0,High Value Customers
10872.0,19,10,436.186,351,9.0,332.0,351.0,444.2244444444444,0,High Value Customers
10873.0,30,12,395.18666666666667,351,11.0,321.0,351.0,426.880909090909,0,High Value Customers
10874.0,13,23,435.86208333333326,354,22.0,341.0,354.0,471.14681818181816,0,High Value Customers
10875.0,45,14,398.485,325,13.0,280.0,325.0,394.19153846153847,0,High Value Customers
10876.0,61,16,386.911875,313,15.0,252.0,313.0,387.25,0,High Value Customers
10877.0,1,19,343.3152631578947,365,18.0,364.0,365.0,353.6683333333333,0,High Value Customers
10878.0,10,6,446.885,230,5.0,219.0,230.0,481.11,1,Low Value / Lost
10879.0,5,19,363.7542105263158,344,18.0,338.0,344.0,356.0177777777778,0,High Value Customers
10880.0,2,27,526.83,363,26.0,361.0,363.0,497.48,0,High Value Customers
10881.0,79,4,535.155,346,3.0,267.0,346.0,562.52,1,Low Value / Lost
10882.0,38,10,222.612,353,9.0,315.0,353.0,236.9022222222222,0,High Value Customers
10883.0,37,16,441.27,356,15.0,319.0,356.0,459.794,0,High Value Customers
10884.0,11,16,298.148125,360,15.0,349.0,360.0,288.87066666666664,0,High Value Customers
10885.0,37,16,489.3523529411764,329,15.0,292.0,329.0,544.4206666666666,0,High Value Customers
10886.0,94,5,484.544,322,4.0,227.0,322.0,467.155,1,Low Value / Lost
10887.0,166,1,624.8,166,0.0,0.0,166.0,0.0,1,Low Value / Lost
10888.0,13,22,405.7413636363636,354,21.0,341.0,354.0,422.5585714285714,0,High Value Customers
10889.0,121,6,397.76666666666665,305,5.0,184.0,305.0,439.468,1,Low Value / Lost
10890.0,36,5,303.958,355,4.0,319.0,355.0,319.4375,0,High Value Customers
10891.0,12,26,538.1814814814815,365,25.0,353.0,365.0,542.7316000000001,0,High Value Customers
10892.0,7,18,349.7672222222222,332,17.0,325.0,332.0,354.29,0,High Value Customers
10893.0,12,24,422.6518518518519,333,23.0,321.0,333.0,472.5408695652174,0,High Value Customers
10894.0,46,8,418.6775,347,7.0,301.0,347.0,452.0514285714285,0,High Value Customers
10895.0,2,23,407.73,353,22.0,351.0,353.0,408.70909090909095,0,High Value Customers
10897.0,18,20,391.89047619047625,352,19.0,334.0,352.0,422.1931578947368,0,High Value Customers
10898.0,57,4,400.2000000000001,310,3.0,253.0,310.0,272.39000000000004,1,Low Value / Lost
10899.0,15,33,476.7788235294117,328,32.0,313.0,328.0,482.365,0,High Value Customers
10900.0,25,16,414.171875,307,15.0,282.0,307.0,410.4633333333333,0,High Value Customers
10901.0,77,6,401.20166666666665,328,5.0,251.0,328.0,323.562,1,Low Value / Lost
10902.0,26,9,386.1188888888889,356,8.0,330.0,356.0,396.62875,0,High Value Customers
10903.0,20,16,487.095625,314,15.0,294.0,314.0,476.5153333333333,0,High Value Customers
10904.0,4,14,528.9471428571429,330,13.0,326.0,330.0,508.47,0,High Value Customers
10905.0,95,8,297.74,310,7.0,215.0,310.0,323.2571428571428,1,Low Value / Lost
10906.0,24,23,348.47913043478263,324,22.0,300.0,324.0,363.42,0,High Value Customers
10907.0,36,11,435.6436363636364,260,10.0,224.0,260.0,427.638,1,Low Value / Lost
10908.0,27,23,344.0795652173913,345,22.0,318.0,345.0,345.5195454545455,0,High Value Customers
10909.0,68,10,367.782,319,9.0,251.0,319.0,383.94666666666666,0,High Value Customers
10910.0,6,21,387.1082608695652,363,20.0,357.0,363.0,443.1575,0,High Value Customers
10911.0,45,18,324.4144444444444,360,17.0,315.0,360.0,338.4305882352941,0,High Value Customers
10912.0,9,28,451.2644827586207,356,27.0,347.0,356.0,456.1881481481482,0,High Value Customers
10913.0,11,5,350.78,298,4.0,287.0,298.0,428.415,1,Low Value / Lost
10914.0,18,19,569.9331578947368,364,18.0,346.0,364.0,563.5072222222221,0,High Value Customers
10915.0,2,30,520.7090625,342,29.0,340.0,342.0,565.6293103448276,0,High Value Customers
10916.0,11,16,396.508125,324,15.0,313.0,324.0,383.938,0,High Value Customers
10917.0,44,11,354.1972727272727,336,10.0,292.0,336.0,331.87299999999993,0,High Value Customers
10918.0,21,24,397.9182142857143,364,23.0,343.0,364.0,470.6934782608696,0,High Value Customers
10919.0,1,27,406.2234482758621,358,26.0,357.0,358.0,434.6776923076923,0,High Value Customers
10920.0,56,11,343.8958333333333,356,10.0,300.0,356.0,402.929,0,High Value Customers
10921.0,28,21,442.3377272727273,361,20.0,333.0,361.0,477.0115,0,High Value Customers
10922.0,44,18,316.85526315789474,352,17.0,308.0,352.0,342.81470588235294,0,High Value Customers
10923.0,93,4,183.78,158,3.0,65.0,158.0,214.89333333333332,1,Low Value / Lost
10924.0,4,16,522.1012499999999,364,15.0,360.0,364.0,537.4946666666667,0,High Value Customers
10925.0,19,8,459.58875,358,7.0,339.0,358.0,499.95,0,High Value Customers
10926.0,43,25,362.0728,348,24.0,305.0,348.0,372.3879166666666,0,High Value Customers
10927.0,172,2,1231.715,323,1.0,151.0,323.0,1759.54,1,Low Value / Lost
10928.0,60,11,333.57363636363635,340,10.0,280.0,340.0,341.579,0,High Value Customers
10929.0,81,14,237.82142857142856,356,13.0,275.0,356.0,208.65076923076924,0,High Value Customers
10930.0,62,11,291.1736363636364,338,10.0,276.0,338.0,295.812,0,High Value Customers
10931.0,1,17,304.89176470588234,362,16.0,361.0,362.0,319.57375,0,High Value Customers
10932.0,67,12,467.3391666666666,355,11.0,288.0,355.0,433.90636363636366,0,High Value Customers
10933.0,153,6,626.2533333333333,339,5.0,186.0,339.0,534.8140000000001,1,Low Value / Lost
10934.0,57,6,284.18,340,5.0,283.0,340.0,339.344,0,High Value Customers
10935.0,29,18,482.9666666666666,355,17.0,326.0,355.0,477.4670588235294,0,High Value Customers
10936.0,2,17,344.12470588235294,326,16.0,324.0,326.0,360.63875,0,High Value Customers
10937.0,39,6,612.7066666666666,305,5.0,266.0,305.0,642.9200000000001,0,High Value Customers
10938.0,1,28,501.5086666666666,360,27.0,359.0,360.0,549.4807407407408,0,High Value Customers
10939.0,3,25,395.89730769230766,348,24.0,345.0,348.0,395.07625,0,High Value Customers
10940.0,42,16,362.830625,352,15.0,310.0,352.0,328.5673333333333,0,High Value Customers
10941.0,3,13,548.8071428571428,365,12.0,362.0,365.0,599.3000000000001,0,High Value Customers
10942.0,14,10,301.902,337,9.0,323.0,337.0,325.3511111111111,0,High Value Customers
10943.0,1,36,468.5513888888888,354,35.0,353.0,354.0,472.7088571428572,0,High Value Customers
10944.0,27,12,503.4383333333333,339,11.0,312.0,339.0,513.9418181818181,0,High Value Customers
10945.0,17,16,262.321875,339,15.0,322.0,339.0,270.698,0,High Value Customers
10946.0,7,5,307.74,334,4.0,327.0,334.0,422.2425,0,High Value Customers
10947.0,37,7,617.1071428571429,360,6.0,323.0,360.0,640.7283333333334,0,High Value Customers
10948.0,17,4,400.548,245,3.0,228.0,245.0,642.8,1,Low Value / Lost
10949.0,10,20,571.2940000000001,363,19.0,352.0,363.0,593.0526315789474,0,High Value Customers
10950.0,32,10,603.2940000000001,350,9.0,318.0,350.0,646.8044444444445,0,High Value Customers
10951.0,52,7,424.57142857142856,362,6.0,311.0,363.0,400.19000000000005,0,High Value Customers
10952.0,1,27,389.2507142857143,362,26.0,361.0,362.0,402.1680769230769,0,High Value Customers
10953.0,10,1,88.53,10,0.0,0.0,10.0,0.0,1,Low Value / Lost
10954.0,10,8,399.5275,346,7.0,336.0,346.0,407.7371428571429,0,High Value Customers
10955.0,20,14,273.9528571428572,352,13.0,332.0,352.0,289.3223076923077,0,High Value Customers
10956.0,46,16,315.6025,343,15.0,297.0,343.0,315.54066666666665,0,High Value Customers
10957.0,29,15,396.05375,360,14.0,331.0,360.0,405.1114285714286,0,High Value Customers
10958.0,319,2,249.915,340,1.0,21.0,340.0,306.81,1,Low Value / Lost
10959.0,10,17,287.48833333333334,356,16.0,346.0,356.0,281.44625,0,High Value Customers
10960.0,121,5,143.398,344,4.0,223.0,344.0,149.4675,1,Low Value / Lost
10961.0,57,10,408.317,344,9.0,287.0,344.0,373.94888888888886,0,High Value Customers
10962.0,9,6,373.9342857142857,324,5.0,315.0,324.0,435.158,0,High Value Customers
10963.0,82,2,333.365,341,1.0,259.0,341.0,163.41,1,Low Value / Lost
10964.0,10,27,400.1567857142857,360,26.0,350.0,360.0,416.4765384615384,0,High Value Customers
10965.0,18,6,591.125,333,5.0,315.0,333.0,663.408,0,High Value Customers
10966.0,2,21,378.447619047619,345,20.0,343.0,345.0,374.095,0,High Value Customers
10967.0,54,5,502.47,358,4.0,304.0,358.0,517.745,0,High Value Customers
10968.0,12,26,410.78,310,25.0,298.0,310.0,484.008,0,High Value Customers
10969.0,5,15,289.47066666666666,357,14.0,351.0,357.0,302.16285714285715,0,High Value Customers
10970.0,34,4,550.215,301,3.0,267.0,301.0,682.7266666666668,1,Low Value / Lost
10971.0,12,7,454.5457142857143,257,6.0,245.0,257.0,329.505,1,Low Value / Lost
10972.0,16,4,144.1425,191,3.0,175.0,191.0,115.98333333333336,1,Low Value / Lost
10973.0,15,30,409.0012903225806,365,29.0,350.0,365.0,431.1151724137931,0,High Value Customers
10974.0,20,11,520.2827272727272,355,10.0,335.0,355.0,483.954,0,High Value Customers
10976.0,4,30,581.7563333333333,354,29.0,350.0,354.0,598.5755172413793,0,High Value Customers
10977.0,1,13,492.8776923076924,344,12.0,343.0,344.0,483.0733333333333,0,High Value Customers
10978.0,11,4,297.015,210,3.0,199.0,210.0,376.97,1,Low Value / Lost
10979.0,46,2,216.725,330,1.0,284.0,330.0,159.21,1,Low Value / Lost
10980.0,70,6,444.63,362,5.0,292.0,362.0,370.268,0,High Value Customers
10981.0,4,17,458.1023529411764,303,16.0,299.0,303.0,478.515625,0,High Value Customers
10982.0,1,19,463.91736842105263,364,18.0,363.0,364.0,465.0172222222223,0,High Value Customers
10983.0,19,12,365.6175,355,11.0,336.0,355.0,371.3972727272727,0,High Value Customers
10984.0,18,38,297.7294736842105,363,37.0,345.0,363.0,283.66675675675674,0,High Value Customers
10985.0,11,8,470.1275,353,7.0,342.0,353.0,525.9857142857143,0,High Value Customers
10986.0,9,12,512.9616666666667,363,11.0,354.0,363.0,498.37,0,High Value Customers
10987.0,11,6,438.26666666666665,168,5.0,157.0,168.0,469.976,1,Low Value / Lost
10988.0,68,16,259.329375,351,15.0,283.0,351.0,250.83066666666667,0,High Value Customers
10989.0,28,15,484.664,363,14.0,335.0,363.0,495.1514285714287,0,High Value Customers
10990.0,15,21,499.6557142857143,292,20.0,277.0,292.0,507.632,0,High Value Customers
10991.0,101,17,414.3458823529412,364,16.0,263.0,364.0,375.225,0,High Value Customers
10992.0,36,6,466.2083333333333,292,5.0,256.0,292.0,469.662,1,Low Value / Lost
10993.0,152,1,144.3,152,0.0,0.0,152.0,0.0,1,Low Value / Lost
10994.0,51,4,558.9325,309,3.0,258.0,309.0,502.37,1,Low Value / Lost
10995.0,21,12,449.2866666666667,332,11.0,311.0,332.0,453.2918181818182,0,High Value Customers
10996.0,3,12,384.7341666666667,348,11.0,345.0,348.0,376.7636363636364,0,High Value Customers
10997.0,10,4,404.61,211,3.0,201.0,211.0,585.43,1,Low Value / Lost
10998.0,13,15,469.0388235294117,330,14.0,317.0,330.0,547.0664285714286,0,High Value Customers
10999.0,65,3,606.6066666666667,248,2.0,183.0,248.0,559.47,1,Low Value / Lost
